RECDNO,STATNO,YYYY,MM,DD,HH,TEMPERATR,WET TEMP ,DEWPOINT ,RELHUMIDY,SEALVLPRS,SURFPRESS,WINDSPEED,DIRECTION, RAIN 1  , RAIN 2   ,RPeriodi 1,RPeriod 2,TLTCLOUD ,LOW CLOUD,VISIBLITY
     2, 41533,2019, 1, 1, 0,     3.00, -9999.00,     0.30,    82.41,  1022.20, -9999.00,     0.00,     0.00,     0.00,     0.00,    12.00,     3.00,    50.00, -9999.00, -9999.00
     3, 41533,2019, 1, 1, 6, -9999.00, -9999.00, -9999.00, -9999.00, -9999.00, -9999.00, -9999.00, -9999.00, -9999.00, -9999.00, -9999.00, -9999.00, -9999.00, -9999.00, -9999.00
     4, 41533,2019, 1, 1, 9, -9999.00, -9999.00, -9999.00, -9999.00, -9999.00, -9999.00, -9999.00, -9999.00, -9999.00, -9999.00, -9999.00, -9999.00, -9999.00, -9999.00, -9999.00
     5, 41533,2019, 1, 1,12, -9999.00, -9999.00, -9999.00, -9999.00, -9999.00, -9999.00, -9999.00, -9999.00, -9999.00, -9999.00, -9999.00, -9999.00, -9999.00, -9999.00, -9999.00
     6, 41533,2019, 1, 1,15, -9999.00, -9999.00, -9999.00, -9999.00, -9999.00, -9999.00, -9999.00, -9999.00, -9999.00, -9999.00, -9999.00, -9999.00, -9999.00, -9999.00, -9999.00
     7, 41533,2019, 1, 1,18, -9999.00, -9999.00, -9999.00, -9999.00, -9999.00, -9999.00, -9999.00, -9999.00, -9999.00, -9999.00, -9999.00, -9999.00, -9999.00, -9999.00, -9999.00
     8, 41533,2019, 1, 1,21, -9999.00, -9999.00, -9999.00, -9999.00, -9999.00, -9999.00, -9999.00, -9999.00, -9999.00, -9999.00, -9999.00, -9999.00, -9999.00, -9999.00, -9999.00
     9, 41533,2019, 1, 2, 0, -9999.00, -9999.00, -9999.00, -9999.00, -9999.00, -9999.00, -9999.00, -9999.00, -9999.00, -9999.00, -9999.00, -9999.00, -9999.00, -9999.00, -9999.00
    10, 41533,2019, 1, 2, 3, -9999.00, -9999.00, -9999.00, -9999.00, -9999.00, -9999.00, -9999.00, -9999.00, -9999.00, -9999.00, -9999.00, -9999.00, -9999.00, -9999.00, -9999.00
    11, 41533,2019, 1, 2, 6, -9999.00, -9999.00, -9999.00, -9999.00, -9999.00, -9999.00, -9999.00, -9999.00, -9999.00, -9999.00, -9999.00, -9999.00, -9999.00, -9999.00, -9999.00
    12, 41533,2019, 1, 2, 6,    12.00, -9999.00,     4.50,    60.07,  1024.40, -9999.00,     2.10,   230.00,     0.00,     0.00,     6.00,     3.00,    25.00, -9999.00,  1000.00
    13, 41533,2019, 1, 2,12, -9999.00, -9999.00, -9999.00, -9999.00, -9999.00, -9999.00, -9999.00, -9999.00, -9999.00, -9999.00, -9999.00, -9999.00, -9999.00, -9999.00, -9999.00
    14, 41533,2019, 1, 2,12,    15.00, -9999.00,     4.10,    48.04,  1022.10, -9999.00,     0.00,     0.00,     0.00,     0.00,     6.00,     3.00,     0.00, -9999.00,  4000.00
    15, 41533,2019, 1, 2,18, -9999.00, -9999.00, -9999.00, -9999.00, -9999.00, -9999.00, -9999.00, -9999.00, -9999.00, -9999.00, -9999.00, -9999.00, -9999.00, -9999.00, -9999.00
    16, 41533,2019, 1, 2,21, -9999.00, -9999.00, -9999.00, -9999.00, -9999.00, -9999.00, -9999.00, -9999.00, -9999.00, -9999.00, -9999.00, -9999.00, -9999.00, -9999.00, -9999.00
    17, 41533,2019, 1, 3, 0, -9999.00, -9999.00, -9999.00, -9999.00, -9999.00, -9999.00, -9999.00, -9999.00, -9999.00, -9999.00, -9999.00, -9999.00, -9999.00, -9999.00, -9999.00
    18, 41533,2019, 1, 3, 3, -9999.00, -9999.00, -9999.00, -9999.00, -9999.00, -9999.00, -9999.00, -9999.00, -9999.00, -9999.00, -9999.00, -9999.00, -9999.00, -9999.00, -9999.00
    19, 41533,2019, 1, 3, 6, -9999.00, -9999.00, -9999.00, -9999.00, -9999.00, -9999.00, -9999.00, -9999.00, -9999.00, -9999.00, -9999.00, -9999.00, -9999.00, -9999.00, -9999.00
    20, 41533,2019, 1, 3, 6,    12.00, -9999.00,     5.60,    64.86,  1026.60, -9999.00,     0.00,     0.00,     0.00,     0.00,     6.00,     3.00,    38.00, -9999.00,  1000.00
    21, 41533,2019, 1, 3,12, -9999.00, -9999.00, -9999.00, -9999.00, -9999.00, -9999.00, -9999.00, -9999.00, -9999.00, -9999.00, -9999.00, -9999.00, -9999.00, -9999.00, -9999.00
    22, 41533,2019, 1, 3,15, -9999.00, -9999.00, -9999.00, -9999.00, -9999.00, -9999.00, -9999.00, -9999.00, -9999.00, -9999.00, -9999.00, -9999.00, -9999.00, -9999.00, -9999.00
    23, 41533,2019, 1, 3,15,     9.00, -9999.00,     5.30,    77.60,  1024.00, -9999.00,     0.00,     0.00, -9999.00,     0.00, -9999.00,     3.00,    50.00, -9999.00, -9999.00
    24, 41533,2019, 1, 3,21, -9999.00, -9999.00, -9999.00, -9999.00, -9999.00, -9999.00, -9999.00, -9999.00, -9999.00, -9999.00, -9999.00, -9999.00, -9999.00, -9999.00, -9999.00
    25, 41533,2019, 1, 4, 0, -9999.00, -9999.00, -9999.00, -9999.00, -9999.00, -9999.00, -9999.00, -9999.00, -9999.00, -9999.00, -9999.00, -9999.00, -9999.00, -9999.00, -9999.00
    26, 41533,2019, 1, 4, 3, -9999.00, -9999.00, -9999.00, -9999.00, -9999.00, -9999.00, -9999.00, -9999.00, -9999.00, -9999.00, -9999.00, -9999.00, -9999.00, -9999.00, -9999.00
    27, 41533,2019, 1, 4, 3,     6.00, -9999.00,     3.60,    84.56,  1023.50, -9999.00,     0.00,     0.00, -9999.00,     0.00, -9999.00,     3.00,    88.00, -9999.00, -9999.00
    28, 41533,2019, 1, 4, 9, -9999.00, -9999.00, -9999.00, -9999.00, -9999.00, -9999.00, -9999.00, -9999.00, -9999.00, -9999.00, -9999.00, -9999.00, -9999.00, -9999.00, -9999.00
    29, 41533,2019, 1, 4,12, -9999.00, -9999.00, -9999.00, -9999.00, -9999.00, -9999.00, -9999.00, -9999.00, -9999.00, -9999.00, -9999.00, -9999.00, -9999.00, -9999.00, -9999.00
    30, 41533,2019, 1, 4,15, -9999.00, -9999.00, -9999.00, -9999.00, -9999.00, -9999.00, -9999.00, -9999.00, -9999.00, -9999.00, -9999.00, -9999.00, -9999.00, -9999.00, -9999.00
    31, 41533,2019, 1, 4,18, -9999.00, -9999.00, -9999.00, -9999.00, -9999.00, -9999.00, -9999.00, -9999.00, -9999.00, -9999.00, -9999.00, -9999.00, -9999.00, -9999.00, -9999.00
    32, 41533,2019, 1, 4,21, -9999.00, -9999.00, -9999.00, -9999.00, -9999.00, -9999.00, -9999.00, -9999.00, -9999.00, -9999.00, -9999.00, -9999.00, -9999.00, -9999.00, -9999.00
    33, 41533,2019, 1, 5, 0, -9999.00, -9999.00, -9999.00, -9999.00, -9999.00, -9999.00, -9999.00, -9999.00, -9999.00, -9999.00, -9999.00, -9999.00, -9999.00, -9999.00, -9999.00
    34, 41533,2019, 1, 5, 3, -9999.00, -9999.00, -9999.00, -9999.00, -9999.00, -9999.00, -9999.00, -9999.00, -9999.00, -9999.00, -9999.00, -9999.00, -9999.00, -9999.00, -9999.00
    35, 41533,2019, 1, 5, 6, -9999.00, -9999.00, -9999.00, -9999.00, -9999.00, -9999.00, -9999.00, -9999.00, -9999.00, -9999.00, -9999.00, -9999.00, -9999.00, -9999.00, -9999.00
    36, 41533,2019, 1, 5, 9, -9999.00, -9999.00, -9999.00, -9999.00, -9999.00, -9999.00, -9999.00, -9999.00, -9999.00, -9999.00, -9999.00, -9999.00, -9999.00, -9999.00, -9999.00
    37, 41533,2019, 1, 5,12, -9999.00, -9999.00, -9999.00, -9999.00, -9999.00, -9999.00, -9999.00, -9999.00, -9999.00, -9999.00, -9999.00, -9999.00, -9999.00, -9999.00, -9999.00
    38, 41533,2019, 1, 5,15, -9999.00, -9999.00, -9999.00, -9999.00, -9999.00, -9999.00, -9999.00, -9999.00, -9999.00, -9999.00, -9999.00, -9999.00, -9999.00, -9999.00, -9999.00
    39, 41533,2019, 1, 5,18, -9999.00, -9999.00, -9999.00, -9999.00, -9999.00, -9999.00, -9999.00, -9999.00, -9999.00, -9999.00, -9999.00, -9999.00, -9999.00, -9999.00, -9999.00
    40, 41533,2019, 1, 5,21, -9999.00, -9999.00, -9999.00, -9999.00, -9999.00, -9999.00, -9999.00, -9999.00, -9999.00, -9999.00, -9999.00, -9999.00, -9999.00, -9999.00, -9999.00
    41, 41533,2019, 1, 6, 0, -9999.00, -9999.00, -9999.00, -9999.00, -9999.00, -9999.00, -9999.00, -9999.00, -9999.00, -9999.00, -9999.00, -9999.00, -9999.00, -9999.00, -9999.00
    42, 41533,2019, 1, 6, 3, -9999.00, -9999.00, -9999.00, -9999.00, -9999.00, -9999.00, -9999.00, -9999.00, -9999.00, -9999.00, -9999.00, -9999.00, -9999.00, -9999.00, -9999.00
    43, 41533,2019, 1, 6, 3,     1.00, -9999.00,     1.00,   100.00,  1024.50, -9999.00,     0.00,     0.00, -9999.00,     0.00, -9999.00,     3.00,     0.00, -9999.00,    50.00
    44, 41533,2019, 1, 6, 6,    10.00, -9999.00,     5.60,    74.08,  1023.20, -9999.00,     0.00,     0.00,     0.00,     0.00,     6.00,     3.00,     0.00, -9999.00,  2000.00
    45, 41533,2019, 1, 6, 9,    16.00, -9999.00,     5.60,    50.03,  1020.70, -9999.00,     2.10,   230.00, -9999.00,     0.00, -9999.00,     3.00,     0.00, -9999.00, 10000.00
    46, 41533,2019, 1, 6,15, -9999.00, -9999.00, -9999.00, -9999.00, -9999.00, -9999.00, -9999.00, -9999.00, -9999.00, -9999.00, -9999.00, -9999.00, -9999.00, -9999.00, -9999.00
    47, 41533,2019, 1, 6,18, -9999.00, -9999.00, -9999.00, -9999.00, -9999.00, -9999.00, -9999.00, -9999.00, -9999.00, -9999.00, -9999.00, -9999.00, -9999.00, -9999.00, -9999.00
    48, 41533,2019, 1, 6,21, -9999.00, -9999.00, -9999.00, -9999.00, -9999.00, -9999.00, -9999.00, -9999.00, -9999.00, -9999.00, -9999.00, -9999.00, -9999.00, -9999.00, -9999.00
    49, 41533,2019, 1, 7, 0, -9999.00, -9999.00, -9999.00, -9999.00, -9999.00, -9999.00, -9999.00, -9999.00, -9999.00, -9999.00, -9999.00, -9999.00, -9999.00, -9999.00, -9999.00
    50, 41533,2019, 1, 7, 3, -9999.00, -9999.00, -9999.00, -9999.00, -9999.00, -9999.00, -9999.00, -9999.00, -9999.00, -9999.00, -9999.00, -9999.00, -9999.00, -9999.00, -9999.00
    51, 41533,2019, 1, 7, 6, -9999.00, -9999.00, -9999.00, -9999.00, -9999.00, -9999.00, -9999.00, -9999.00, -9999.00, -9999.00, -9999.00, -9999.00, -9999.00, -9999.00, -9999.00
    52, 41533,2019, 1, 7, 9, -9999.00, -9999.00, -9999.00, -9999.00, -9999.00, -9999.00, -9999.00, -9999.00, -9999.00, -9999.00, -9999.00, -9999.00, -9999.00, -9999.00, -9999.00
    53, 41533,2019, 1, 7,12, -9999.00, -9999.00, -9999.00, -9999.00, -9999.00, -9999.00, -9999.00, -9999.00, -9999.00, -9999.00, -9999.00, -9999.00, -9999.00, -9999.00, -9999.00
    54, 41533,2019, 1, 7,15, -9999.00, -9999.00, -9999.00, -9999.00, -9999.00, -9999.00, -9999.00, -9999.00, -9999.00, -9999.00, -9999.00, -9999.00, -9999.00, -9999.00, -9999.00
    55, 41533,2019, 1, 7,18, -9999.00, -9999.00, -9999.00, -9999.00, -9999.00, -9999.00, -9999.00, -9999.00, -9999.00, -9999.00, -9999.00, -9999.00, -9999.00, -9999.00, -9999.00
    56, 41533,2019, 1, 7,21, -9999.00, -9999.00, -9999.00, -9999.00, -9999.00, -9999.00, -9999.00, -9999.00, -9999.00, -9999.00, -9999.00, -9999.00, -9999.00, -9999.00, -9999.00
    57, 41533,2019, 1, 8, 0, -9999.00, -9999.00, -9999.00, -9999.00, -9999.00, -9999.00, -9999.00, -9999.00, -9999.00, -9999.00, -9999.00, -9999.00, -9999.00, -9999.00, -9999.00
    58, 41533,2019, 1, 8, 3, -9999.00, -9999.00, -9999.00, -9999.00, -9999.00, -9999.00, -9999.00, -9999.00, -9999.00, -9999.00, -9999.00, -9999.00, -9999.00, -9999.00, -9999.00
    59, 41533,2019, 1, 8, 3,     5.00, -9999.00,     2.50,    83.85,  1022.20, -9999.00,     0.00,     0.00, -9999.00,     0.00, -9999.00,     3.00,    63.00, -9999.00,  2000.00
    60, 41533,2019, 1, 8, 6,    13.00, -9999.00,     2.80,    49.90,  1021.40, -9999.00,     0.00,     0.00,     0.00,     0.00,     6.00,     3.00,    88.00, -9999.00,  2000.00
    61, 41533,2019, 1, 8,12, -9999.00, -9999.00, -9999.00, -9999.00, -9999.00, -9999.00, -9999.00, -9999.00, -9999.00, -9999.00, -9999.00, -9999.00, -9999.00, -9999.00, -9999.00
    62, 41533,2019, 1, 8,12,    15.00, -9999.00,     4.20,    48.37,  1017.00, -9999.00,     0.00,     0.00,     0.00, -9999.00,    12.00,     3.00,    50.00, -9999.00,  4000.00
    63, 41533,2019, 1, 8,18, -9999.00, -9999.00, -9999.00, -9999.00, -9999.00, -9999.00, -9999.00, -9999.00, -9999.00, -9999.00, -9999.00, -9999.00, -9999.00, -9999.00, -9999.00
    64, 41533,2019, 1, 8,18,     7.00, -9999.00,     0.70,    64.17,  1019.70, -9999.00,     2.10,   230.00,     0.00,     0.00,    18.00,     3.00,    13.00, -9999.00, -9999.00
    65, 41533,2019, 1, 9, 0, -9999.00, -9999.00, -9999.00, -9999.00, -9999.00, -9999.00, -9999.00, -9999.00, -9999.00, -9999.00, -9999.00, -9999.00, -9999.00, -9999.00, -9999.00
    66, 41533,2019, 1, 9, 3, -9999.00, -9999.00, -9999.00, -9999.00, -9999.00, -9999.00, -9999.00, -9999.00, -9999.00, -9999.00, -9999.00, -9999.00, -9999.00, -9999.00, -9999.00
    67, 41533,2019, 1, 9, 3,     1.00, -9999.00,    -0.40,    89.99,  1022.40, -9999.00,     0.00,     0.00, -9999.00,     0.00, -9999.00,     3.00,    25.00, -9999.00,   200.00
    68, 41533,2019, 1, 9, 9, -9999.00, -9999.00, -9999.00, -9999.00, -9999.00, -9999.00, -9999.00, -9999.00, -9999.00, -9999.00, -9999.00, -9999.00, -9999.00, -9999.00, -9999.00
    69, 41533,2019, 1, 9,12, -9999.00, -9999.00, -9999.00, -9999.00, -9999.00, -9999.00, -9999.00, -9999.00, -9999.00, -9999.00, -9999.00, -9999.00, -9999.00, -9999.00, -9999.00
    70, 41533,2019, 1, 9,15, -9999.00, -9999.00, -9999.00, -9999.00, -9999.00, -9999.00, -9999.00, -9999.00, -9999.00, -9999.00, -9999.00, -9999.00, -9999.00, -9999.00, -9999.00
    71, 41533,2019, 1, 9,18, -9999.00, -9999.00, -9999.00, -9999.00, -9999.00, -9999.00, -9999.00, -9999.00, -9999.00, -9999.00, -9999.00, -9999.00, -9999.00, -9999.00, -9999.00
    72, 41533,2019, 1, 9,21, -9999.00, -9999.00, -9999.00, -9999.00, -9999.00, -9999.00, -9999.00, -9999.00, -9999.00, -9999.00, -9999.00, -9999.00, -9999.00, -9999.00, -9999.00
    73, 41533,2019, 1, 9,21,     5.00, -9999.00,    -0.30,    68.34,  1018.50, -9999.00,     0.00,     0.00, -9999.00,     0.00, -9999.00,     3.00,    38.00, -9999.00, -9999.00
    74, 41533,2019, 1,10, 0,     2.00, -9999.00,    -0.80,    81.04,  1018.00, -9999.00,     0.00,     0.00,     0.00,     0.00,    12.00,     3.00,    63.00, -9999.00, -9999.00
    75, 41533,2019, 1,10, 6, -9999.00, -9999.00, -9999.00, -9999.00, -9999.00, -9999.00, -9999.00, -9999.00, -9999.00, -9999.00, -9999.00, -9999.00, -9999.00, -9999.00, -9999.00
    76, 41533,2019, 1,10, 9, -9999.00, -9999.00, -9999.00, -9999.00, -9999.00, -9999.00, -9999.00, -9999.00, -9999.00, -9999.00, -9999.00, -9999.00, -9999.00, -9999.00, -9999.00
    77, 41533,2019, 1,10, 9,    13.00, -9999.00,     1.30,    44.83,  1017.50, -9999.00,     2.10,   230.00, -9999.00,     0.00, -9999.00,     3.00,    88.00, -9999.00,  2000.00
    78, 41533,2019, 1,10,12,    12.00, -9999.00,    -0.20,    42.86,  1019.60, -9999.00,     4.10,   310.00, -9999.00, -9999.00,    12.00,     3.00,    88.00, -9999.00,  4000.00
    79, 41533,2019, 1,10,15,    10.00, -9999.00,     0.10,    50.14,  1021.20, -9999.00,     5.10,   230.00, -9999.00, -9999.00, -9999.00,     3.00,    88.00, -9999.00, -9999.00
    80, 41533,2019, 1,10,21, -9999.00, -9999.00, -9999.00, -9999.00, -9999.00, -9999.00, -9999.00, -9999.00, -9999.00, -9999.00, -9999.00, -9999.00, -9999.00, -9999.00, -9999.00
    81, 41533,2019, 1,10,21,     5.00, -9999.00,    -0.30,    68.34,  1018.50, -9999.00,     0.00,     0.00, -9999.00,     0.00, -9999.00,     3.00,    38.00, -9999.00, -9999.00
    82, 41533,2019, 1,11, 0,     4.00, -9999.00,     0.00,    75.13,  1021.40, -9999.00,     3.10,   230.00, -9999.00, -9999.00,    12.00,     3.00,    50.00, -9999.00, -9999.00
    83, 41533,2019, 1,11, 3,     4.50, -9999.00,     1.20,    79.12,  1023.40, -9999.00,     2.10,   230.00, -9999.00,     0.00, -9999.00,     3.00,    75.00, -9999.00,  4000.00
    84, 41533,2019, 1,11, 6,    14.00, -9999.00,     4.20,    51.60,  1023.40, -9999.00,     2.10,   230.00,     0.00,     0.00,     6.00,     3.00,    75.00, -9999.00,  4000.00
    85, 41533,2019, 1,11, 9,    15.00, -9999.00,     4.20,    48.37,  1021.20, -9999.00,     2.10,   230.00, -9999.00,     0.00, -9999.00,     3.00,    88.00, -9999.00, 10000.00
    86, 41533,2019, 1,11,12,    13.00, -9999.00,     4.30,    55.47,  1020.50, -9999.00,     2.10,    50.00,     0.00,     0.00,    12.00,     3.00,    88.00, -9999.00,  4000.00
    87, 41533,2019, 1,11,15,    11.50, -9999.00,     4.30,    61.22,  1021.80, -9999.00,     2.10,    50.00, -9999.00,     0.00, -9999.00,     3.00,    88.00, -9999.00, -9999.00
    88, 41533,2019, 1,11,18,     9.00, -9999.00,     5.30,    77.60,  1021.60, -9999.00,     0.00,     0.00,     0.00,     0.00,    18.00,     3.00,    88.00, -9999.00, -9999.00
    89, 41533,2019, 1,11,21,     8.00, -9999.00,     0.50,    59.07,  1021.30, -9999.00,     4.10,   230.00, -9999.00,     0.00, -9999.00,     3.00,    63.00, -9999.00, -9999.00
    90, 41533,2019, 1,12, 3, -9999.00, -9999.00, -9999.00, -9999.00, -9999.00, -9999.00, -9999.00, -9999.00, -9999.00, -9999.00, -9999.00, -9999.00, -9999.00, -9999.00, -9999.00
    91, 41533,2019, 1,12, 3,     7.00, -9999.00,     3.60,    78.93,  1020.20, -9999.00,     2.10,    50.00, -9999.00, -9999.00,    12.00,     3.00,    88.00, -9999.00, -9999.00
    92, 41533,2019, 1,12, 6,    11.00, -9999.00,     6.80,    75.28,  1021.90, -9999.00,     3.10,   270.00, -9999.00, -9999.00,     6.00,     3.00,    88.00, -9999.00,  2000.00
    93, 41533,2019, 1,12, 9,    15.00, -9999.00,     7.60,    61.21,  1018.90, -9999.00,     2.10,    50.00, -9999.00,     0.00, -9999.00,     3.00,    88.00, -9999.00,  2000.00
    94, 41533,2019, 1,12,12,     9.00, -9999.00,     6.90,    86.67,  1020.80, -9999.00,     2.10,   310.00,    20.00,    20.00,    12.00,     3.00,    88.00, -9999.00,  2000.00
    95, 41533,2019, 1,12,15,     8.00, -9999.00,     6.90,    92.75,  1021.00, -9999.00,     3.10,    50.00, -9999.00,     1.00, -9999.00,     3.00,    88.00, -9999.00, -9999.00
    96, 41533,2019, 1,12,21, -9999.00, -9999.00, -9999.00, -9999.00, -9999.00, -9999.00, -9999.00, -9999.00, -9999.00, -9999.00, -9999.00, -9999.00, -9999.00, -9999.00, -9999.00
    97, 41533,2019, 1,12,21, -9999.00, -9999.00,     4.60,     0.00,  1021.10, -9999.00,    41.20,     0.00, -9999.00, -9999.00, -9999.00,     3.00,    13.00, -9999.00,   400.00
    98, 41533,2019, 1,13, 3, -9999.00, -9999.00, -9999.00, -9999.00, -9999.00, -9999.00, -9999.00, -9999.00, -9999.00, -9999.00, -9999.00, -9999.00, -9999.00, -9999.00, -9999.00
    99, 41533,2019, 1,13, 6, -9999.00, -9999.00, -9999.00, -9999.00, -9999.00, -9999.00, -9999.00, -9999.00, -9999.00, -9999.00, -9999.00, -9999.00, -9999.00, -9999.00, -9999.00
   100, 41533,2019, 1,13, 6,     9.00, -9999.00,     0.50,    55.20, -9999.00, -9999.00,     0.00,     0.00, -9999.00, -9999.00, -9999.00, -9999.00,    13.00, -9999.00,  4000.00
   101, 41533,2019, 1,13, 9,    13.00, -9999.00,     5.60,    60.73,  1026.20, -9999.00,     2.10,   500.00, -9999.00,     0.00, -9999.00,     3.00,     0.00, -9999.00,  4000.00
   102, 41533,2019, 1,13,12,    13.00, -9999.00,     4.30,    55.47,  1025.80, -9999.00,     2.10,   130.00,     0.00,     0.00,    12.00,     3.00,    13.00, -9999.00,  4000.00
   103, 41533,2019, 1,13,15,     8.00, -9999.00,     3.30,    72.17,  1027.40, -9999.00,     2.10,   180.00, -9999.00,     0.00, -9999.00,     3.00,     0.00, -9999.00, -9999.00
   104, 41533,2019, 1,13,18,     5.00, -9999.00,     2.50,    83.85,  1027.30, -9999.00,     2.10,   230.00,     0.00,     0.00,    18.00,     3.00,     0.00, -9999.00, -9999.00
   105, 41533,2019, 1,13,21,     4.00, -9999.00,     1.40,    83.13,  1026.60, -9999.00,     2.10,   230.00, -9999.00,     0.00, -9999.00,     3.00,     0.00, -9999.00, -9999.00
   106, 41533,2019, 1,14, 0,     2.00, -9999.00,    -0.80,    81.04,  1026.20, -9999.00,     2.10,   230.00,     0.00,     0.00,     6.00,     3.00,     0.00, -9999.00, -9999.00
   107, 41533,2019, 1,14, 3,     3.00, -9999.00,     0.80,    85.44,  1026.50, -9999.00,     2.10,   230.00, -9999.00,     0.00, -9999.00,     3.00,    38.00, -9999.00,  2000.00
   108, 41533,2019, 1,14, 6,    12.00, -9999.00,    -0.20,    42.86,  1025.80, -9999.00,     2.10,   230.00,     0.00,     0.00,     6.00,     3.00,    63.00, -9999.00,  4000.00
   109, 41533,2019, 1,14, 9,    17.00, -9999.00,    -0.60,    30.01,  1021.90, -9999.00,     6.20,   230.00, -9999.00,     0.00, -9999.00,     3.00,    75.00, -9999.00, 10000.00
   110, 41533,2019, 1,14,12,    13.00, -9999.00,    -2.20,    33.99,  1021.40, -9999.00,     3.10,   180.00,     0.00,     0.00,    12.00,     3.00,    63.00, -9999.00,  4000.00
   111, 41533,2019, 1,14,15,     8.50, -9999.00,    -3.20,    42.17,  1022.70, -9999.00,     3.10,   230.00, -9999.00,     0.00, -9999.00,     3.00,    50.00, -9999.00, -9999.00
   112, 41533,2019, 1,14,21, -9999.00, -9999.00, -9999.00, -9999.00, -9999.00, -9999.00, -9999.00, -9999.00, -9999.00, -9999.00, -9999.00, -9999.00, -9999.00, -9999.00, -9999.00
   113, 41533,2019, 1,14,21,     4.00, -9999.00,     1.40,    83.13,  1026.60, -9999.00,     2.10,   230.00, -9999.00,     0.00, -9999.00,     3.00,     0.00, -9999.00, -9999.00
   114, 41533,2019, 1,15, 0,     2.00, -9999.00,    -2.40,    70.92,  1021.20, -9999.00,     3.10,   230.00,     0.00,     0.00,     6.00,     3.00,    38.00, -9999.00, -9999.00
   115, 41533,2019, 1,15, 3,     2.00, -9999.00,    -0.80,    81.04,  1022.30, -9999.00,     2.10,   310.00, -9999.00,     0.00, -9999.00,     3.00,    63.00, -9999.00,  2000.00
   116, 41533,2019, 1,15, 6,    14.00, -9999.00,     1.30,    42.00,  1021.70, -9999.00,     2.10,   230.00,     0.00,     0.00,     6.00,     3.00,    63.00, -9999.00,  2000.00
   117, 41533,2019, 1,15, 9,    19.00, -9999.00,    -0.50,    26.68,  1017.30, -9999.00,     3.10,   230.00, -9999.00,     0.00, -9999.00,     3.00,    50.00, -9999.00,  4000.00
   118, 41533,2019, 1,15,12,    15.00, -9999.00,    -0.50,    34.39,  1017.30, -9999.00,     2.10,   230.00,     0.00,     0.00,    12.00,     3.00,    88.00, -9999.00,  4000.00
   119, 41533,2019, 1,15,18, -9999.00, -9999.00, -9999.00, -9999.00, -9999.00, -9999.00, -9999.00, -9999.00, -9999.00, -9999.00, -9999.00, -9999.00, -9999.00, -9999.00, -9999.00
   120, 41533,2019, 1,15,18,     8.00, -9999.00,     1.90,    65.33,  1019.90, -9999.00,     2.10,   270.00,     0.00,     0.00,    18.00,     3.00,    63.00, -9999.00, -9999.00
   121, 41533,2019, 1,15,21,     5.50, -9999.00,     2.30,    79.84,  1019.10, -9999.00,     2.10,   230.00, -9999.00,     0.00, -9999.00,     3.00,    88.00, -9999.00, -9999.00
   122, 41533,2019, 1,16, 0,     5.00, -9999.00,     2.50,    83.85,  1018.10, -9999.00,     2.10,   230.00,     0.00,     0.00,    12.00,     3.00,    88.00, -9999.00, -9999.00
   123, 41533,2019, 1,16, 6, -9999.00, -9999.00, -9999.00, -9999.00, -9999.00, -9999.00, -9999.00, -9999.00, -9999.00, -9999.00, -9999.00, -9999.00, -9999.00, -9999.00, -9999.00
   124, 41533,2019, 1,16, 6,    10.00, -9999.00,     5.60,    74.08,  1021.50, -9999.00,     2.10,    50.00, -9999.00, -9999.00,     6.00,     3.00,    88.00, -9999.00,  1000.00
   125, 41533,2019, 1,16,12, -9999.00, -9999.00, -9999.00, -9999.00, -9999.00, -9999.00, -9999.00, -9999.00, -9999.00, -9999.00, -9999.00, -9999.00, -9999.00, -9999.00, -9999.00
   126, 41533,2019, 1,16,12,    14.00, -9999.00,     2.80,    46.75,  1019.00, -9999.00,     0.00,     0.00, -9999.00,     0.00,    12.00,     3.00,    25.00, -9999.00,  2000.00
   127, 41533,2019, 1,16,15,     9.00, -9999.00,     3.20,    66.97,  1021.20, -9999.00,     0.00,     0.00, -9999.00,     0.00, -9999.00,     3.00,    13.00, -9999.00, -9999.00
   128, 41533,2019, 1,16,18,     6.00, -9999.00,     2.30,    77.12,  1022.40, -9999.00,     0.00,     0.00,     0.00,     0.00,    18.00,     3.00,     0.00, -9999.00, -9999.00
   129, 41533,2019, 1,16,21,     4.00, -9999.00,     1.40,    83.13,  1022.10, -9999.00,     0.00,     0.00, -9999.00,     0.00, -9999.00,     3.00,     0.00, -9999.00, -9999.00
   130, 41533,2019, 1,17, 0,     2.00, -9999.00,     0.70,    91.08,  1021.80, -9999.00,     2.10,    90.00,     0.00,     0.00,    12.00,     3.00,     0.00, -9999.00, -9999.00
   131, 41533,2019, 1,17, 3,     1.00, -9999.00,    -0.40,    89.99,  1022.70, -9999.00,     0.00,     0.00, -9999.00,     0.00, -9999.00,     3.00,     0.00, -9999.00,   500.00
   132, 41533,2019, 1,17, 6,    14.00, -9999.00,     5.60,    56.90,  1022.10, -9999.00,     2.10,   230.00,     0.00,     0.00,     6.00,     3.00,     0.00, -9999.00,  2000.00
   133, 41533,2019, 1,17,12, -9999.00, -9999.00, -9999.00, -9999.00, -9999.00, -9999.00, -9999.00, -9999.00, -9999.00, -9999.00, -9999.00, -9999.00, -9999.00, -9999.00, -9999.00
   134, 41533,2019, 1,17,12,    16.00, -9999.00,     4.30,    45.69,  1017.00, -9999.00,     2.10,   230.00,     0.00,     0.00,     3.00,     3.00,    25.00, -9999.00,  4000.00
   135, 41533,2019, 1,17,15,    11.00, -9999.00,     4.30,    63.29,  1019.00, -9999.00,     0.00,     0.00, -9999.00,     0.00, -9999.00,     3.00,    38.00, -9999.00, -9999.00
   136, 41533,2019, 1,17,18,     6.00, -9999.00,     3.60,    84.56,  1021.20, -9999.00,     0.00,     0.00,     0.00,     0.00,    18.00,     3.00,    25.00, -9999.00, -9999.00
   137, 41533,2019, 1,18, 0, -9999.00, -9999.00, -9999.00, -9999.00, -9999.00, -9999.00, -9999.00, -9999.00, -9999.00, -9999.00, -9999.00, -9999.00, -9999.00, -9999.00, -9999.00
   138, 41533,2019, 1,18, 0,     4.00, -9999.00,     2.80,    91.87,  1020.80, -9999.00,     0.00,     0.00,     0.00,     0.00,     6.00,     3.00,    75.00, -9999.00, -9999.00
   139, 41533,2019, 1,18, 3,     6.00, -9999.00,     3.60,    84.56,  1021.50, -9999.00,     0.00,     0.00, -9999.00,     0.00, -9999.00,     3.00,    88.00, -9999.00,  2000.00
   140, 41533,2019, 1,18, 9, -9999.00, -9999.00, -9999.00, -9999.00, -9999.00, -9999.00, -9999.00, -9999.00, -9999.00, -9999.00, -9999.00, -9999.00, -9999.00, -9999.00, -9999.00
   141, 41533,2019, 1,18, 9,    14.00, -9999.00,     2.80,    46.75,  1019.20, -9999.00,     2.10,   230.00, -9999.00,     0.00, -9999.00,     3.00,    88.00, -9999.00,  2000.00
   142, 41533,2019, 1,18,12,    13.00, -9999.00,     4.30,    55.47,  1019.30, -9999.00,     2.10,   230.00,     0.00,     0.00,    12.00,     3.00,    88.00, -9999.00,  2000.00
   143, 41533,2019, 1,18,18, -9999.00, -9999.00, -9999.00, -9999.00, -9999.00, -9999.00, -9999.00, -9999.00, -9999.00, -9999.00, -9999.00, -9999.00, -9999.00, -9999.00, -9999.00
   144, 41533,2019, 1,18,21, -9999.00, -9999.00, -9999.00, -9999.00, -9999.00, -9999.00, -9999.00, -9999.00, -9999.00, -9999.00, -9999.00, -9999.00, -9999.00, -9999.00, -9999.00
   145, 41533,2019, 1,18,21,     4.00, -9999.00,     2.80,    91.87,  1021.20, -9999.00,     0.00,     0.00, -9999.00,     0.00, -9999.00,     3.00,    38.00, -9999.00, -9999.00
   146, 41533,2019, 1,19, 3, -9999.00, -9999.00, -9999.00, -9999.00, -9999.00, -9999.00, -9999.00, -9999.00, -9999.00, -9999.00, -9999.00, -9999.00, -9999.00, -9999.00, -9999.00
   147, 41533,2019, 1,19, 3,    10.50, -9999.00,     4.30,    65.43,  1020.70, -9999.00,     3.10,   230.00, -9999.00,     0.00, -9999.00,     3.00,    88.00, -9999.00,  4000.00
   148, 41533,2019, 1,19, 6,    17.00, -9999.00,     4.30,    42.87,  1021.30, -9999.00,     4.10,   230.00,     0.00,     0.00,     6.00,     3.00,    88.00, -9999.00, 10000.00
   149, 41533,2019, 1,19, 9,    20.50, -9999.00,     4.60,    35.17,  1019.40, -9999.00,     6.20,   230.00, -9999.00,     0.00, -9999.00,     3.00,    75.00, -9999.00, 10000.00
   150, 41533,2019, 1,19,12,    17.00, -9999.00,     5.70,    47.27,  1017.90, -9999.00,     3.10,   230.00,     0.00,     0.00,    12.00,     3.00,    88.00, -9999.00, 10000.00
   151, 41533,2019, 1,19,15,    11.00, -9999.00,     3.00,    57.74,  1020.50, -9999.00,     4.10,   230.00, -9999.00,     0.00, -9999.00,     3.00,    88.00, -9999.00, -9999.00
   152, 41533,2019, 1,19,18,    11.00, -9999.00,     3.00,    57.74,  1020.40, -9999.00,     5.10,   230.00,     0.00,     0.00,    18.00,     3.00,    88.00, -9999.00, -9999.00
   153, 41533,2019, 1,20, 0, -9999.00, -9999.00, -9999.00, -9999.00, -9999.00, -9999.00, -9999.00, -9999.00, -9999.00, -9999.00, -9999.00, -9999.00, -9999.00, -9999.00, -9999.00
   154, 41533,2019, 1,20, 0,    11.00, -9999.00,     5.60,    69.30,  1018.10, -9999.00,     0.00,     0.00, -9999.00,     0.00,    12.00,     3.00,    88.00, -9999.00, -9999.00
   155, 41533,2019, 1,20, 3,    10.50, -9999.00,     6.80,    77.83,  1019.40, -9999.00,     0.00,     0.00, -9999.00, -9999.00, -9999.00,     3.00,    88.00, -9999.00,  4000.00
   156, 41533,2019, 1,20, 6,    14.00, -9999.00,     8.00,    67.11,  1020.30, -9999.00,     2.10,   230.00, -9999.00,     0.00,     6.00,     3.00,    88.00, -9999.00,  4000.00
   157, 41533,2019, 1,20, 9,    13.50, -9999.00,     8.00,    69.33,  1017.60, -9999.00,     0.00,     0.00, -9999.00, -9999.00, -9999.00,     3.00,    88.00, -9999.00, -9999.00
   158, 41533,2019, 1,20,12,    13.00, -9999.00,     8.00,    71.63,  1017.10, -9999.00,     4.10,    50.00, -9999.00, -9999.00,    12.00,     3.00,    88.00, -9999.00,  2000.00
   159, 41533,2019, 1,20,15,    12.00, -9999.00,     9.00,    81.86,  1018.00, -9999.00,     4.10,    50.00, -9999.00,     0.00, -9999.00,     3.00,    88.00, -9999.00, -9999.00
   160, 41533,2019, 1,20,21, -9999.00, -9999.00, -9999.00, -9999.00, -9999.00, -9999.00, -9999.00, -9999.00, -9999.00, -9999.00, -9999.00, -9999.00, -9999.00, -9999.00, -9999.00
   161, 41533,2019, 1,21, 0, -9999.00, -9999.00, -9999.00, -9999.00, -9999.00, -9999.00, -9999.00, -9999.00, -9999.00, -9999.00, -9999.00, -9999.00, -9999.00, -9999.00, -9999.00
   162, 41533,2019, 1,21, 3, -9999.00, -9999.00, -9999.00, -9999.00, -9999.00, -9999.00, -9999.00, -9999.00, -9999.00, -9999.00, -9999.00, -9999.00, -9999.00, -9999.00, -9999.00
   163, 41533,2019, 1,21, 6, -9999.00, -9999.00, -9999.00, -9999.00, -9999.00, -9999.00, -9999.00, -9999.00, -9999.00, -9999.00, -9999.00, -9999.00, -9999.00, -9999.00, -9999.00
   164, 41533,2019, 1,21, 6,    12.00, -9999.00,     9.00,    81.86,  1018.30, -9999.00,     0.00,     0.00,     0.00,     0.00,     6.00,     3.00,    88.00, -9999.00,  2000.00
   165, 41533,2019, 1,21, 9,    14.00, -9999.00,     8.00,    67.11,  1014.00, -9999.00,     0.00,     0.00, -9999.00,     0.00, -9999.00,     3.00,    88.00, -9999.00,  4000.00
   166, 41533,2019, 1,21,12,    12.00, -9999.00,     9.00,    81.86,  1013.50, -9999.00,     5.10,    50.00,     0.00,     0.00,    12.00,     3.00,    88.00, -9999.00,  4000.00
   167, 41533,2019, 1,21,15,    10.00, -9999.00,     6.80,    80.48,  1013.60, -9999.00,     5.10,   130.00, -9999.00,     0.00, -9999.00,     3.00,    88.00, -9999.00, -9999.00
   168, 41533,2019, 1,21,18,     9.00, -9999.00,     6.90,    86.67,  1013.30, -9999.00,     2.10,   310.00,     0.00,     0.00,    18.00,     3.00,    88.00, -9999.00, -9999.00
   169, 41533,2019, 1,21,21,     9.00, -9999.00,     6.90,    86.67,  1013.10, -9999.00,     2.10,    50.00, -9999.00, -9999.00, -9999.00,     3.00,    88.00, -9999.00, -9999.00
   170, 41533,2019, 1,22, 0,     8.00, -9999.00,     6.90,    92.75,  1013.50, -9999.00,     5.10,    50.00,     4.00,     4.00,    12.00,     3.00,   100.00, -9999.00, -9999.00
   171, 41533,2019, 1,22, 3,     9.00, -9999.00,     8.00,    93.44,  1014.90, -9999.00,     3.10,    50.00, -9999.00,     1.00, -9999.00,     3.00,    88.00, -9999.00,  4000.00
   172, 41533,2019, 1,22, 6,    13.00, -9999.00,     9.10,    77.17,  1015.50, -9999.00,     2.10,    50.00,     1.00, -9999.00,     6.00,     3.00,    88.00, -9999.00,  4000.00
   173, 41533,2019, 1,22,12, -9999.00, -9999.00, -9999.00, -9999.00, -9999.00, -9999.00, -9999.00, -9999.00, -9999.00, -9999.00, -9999.00, -9999.00, -9999.00, -9999.00, -9999.00
   174, 41533,2019, 1,22,12,    12.00, -9999.00,     9.00,    81.86,  1014.80, -9999.00,     3.10,   130.00, -9999.00,     0.00,    12.00,     3.00,    88.00, -9999.00, 10000.00
   175, 41533,2019, 1,22,15,    10.00, -9999.00,     9.00,    93.49,  1017.40, -9999.00,     3.10,    50.00, -9999.00,     0.00, -9999.00,     3.00,    88.00, -9999.00, -9999.00
   176, 41533,2019, 1,22,18,     9.50, -9999.00,     6.90,    83.80,  1018.70, -9999.00,     3.10,   130.00, -9999.00, -9999.00,    18.00,     3.00,    88.00, -9999.00, -9999.00
   177, 41533,2019, 1,22,21,     9.00, -9999.00,     6.90,    86.67,  1019.20, -9999.00,     3.10,   130.00, -9999.00, -9999.00, -9999.00,     3.00,    88.00, -9999.00, -9999.00
   178, 41533,2019, 1,23, 0,     8.00, -9999.00,     6.90,    92.75,  1020.10, -9999.00,     0.00,     0.00,     3.00,     3.00,    12.00,     3.00,    88.00, -9999.00, -9999.00
   179, 41533,2019, 1,23, 3, -9999.00, -9999.00,     6.90,     0.00,  1021.50, -9999.00,     2.10,    50.00, -9999.00,     0.00, -9999.00,     3.00,    88.00, -9999.00,  4000.00
   180, 41533,2019, 1,23, 6,    11.00, -9999.00,     6.80,    75.28,  1023.30, -9999.00,     2.10,   360.00, -9999.00, -9999.00,     6.00,     3.00,    88.00, -9999.00, 10000.00
   181, 41533,2019, 1,23,12, -9999.00, -9999.00, -9999.00, -9999.00, -9999.00, -9999.00, -9999.00, -9999.00, -9999.00, -9999.00, -9999.00, -9999.00, -9999.00, -9999.00, -9999.00
   182, 41533,2019, 1,23,12,    11.00, -9999.00,     5.60,    69.30,  1020.90, -9999.00,     3.10,   230.00, -9999.00,     0.00,    12.00,     3.00,    38.00, -9999.00, 10000.00
   183, 41533,2019, 1,23,15,     7.00, -9999.00,     4.70,    85.27,  1022.60, -9999.00,     2.10,   230.00, -9999.00,     0.00,    18.00,     3.00,    38.00, -9999.00,  1100.00
   184, 41533,2019, 1,23,18,     5.00, -9999.00,     3.80,    91.93,  1023.90, -9999.00,     2.10,   230.00, -9999.00,     0.00,    18.00,     3.00,    25.00, -9999.00, -9999.00
   185, 41533,2019, 1,24, 0, -9999.00, -9999.00, -9999.00, -9999.00, -9999.00, -9999.00, -9999.00, -9999.00, -9999.00, -9999.00, -9999.00, -9999.00, -9999.00, -9999.00, -9999.00
   186, 41533,2019, 1,24, 0,     2.00, -9999.00,     2.00,   100.00,  1024.00, -9999.00,     2.10,   230.00, -9999.00,     0.00,    12.00,     3.00,    75.00, -9999.00, -9999.00
   187, 41533,2019, 1,24, 3,     3.00, -9999.00,     1.70,    91.15,  1025.30, -9999.00,     2.10,   230.00, -9999.00,     0.00, -9999.00,     3.00,    25.00, -9999.00,  1000.00
   188, 41533,2019, 1,24, 6,    12.00, -9999.00,     5.60,    64.86,  1026.00, -9999.00,     3.10,   230.00,     0.00,     0.00,     6.00,     3.00,    25.00, -9999.00,  4000.00
   189, 41533,2019, 1,24, 9,    16.00, -9999.00,     5.60,    50.03,  1022.80, -9999.00,     3.10,   270.00, -9999.00,     0.00, -9999.00,     3.00,    50.00, -9999.00, 10000.00
   190, 41533,2019, 1,24,12,    15.00, -9999.00,     5.60,    53.34,  1021.70, -9999.00,     2.10,   270.00,     0.00,     0.00,    12.00,     3.00,    38.00, -9999.00, 10000.00
   191, 41533,2019, 1,24,15,     7.00, -9999.00,     4.70,    85.27,  1022.60, -9999.00,     2.10,   230.00, -9999.00,     0.00, -9999.00,     3.00,    38.00, -9999.00, -9999.00
   192, 41533,2019, 1,24,18,     6.00, -9999.00,     0.90,    69.75,  1022.30, -9999.00,     3.10,   230.00,     0.00,     0.00,    18.00,     3.00,    13.00, -9999.00, -9999.00
   193, 41533,2019, 1,24,21,     3.00, -9999.00,     1.70,    91.15,  1024.50, -9999.00,     0.00,     0.00, -9999.00,     0.00, -9999.00,     3.00,    50.00, -9999.00, -9999.00
   194, 41533,2019, 1,25, 3, -9999.00, -9999.00, -9999.00, -9999.00, -9999.00, -9999.00, -9999.00, -9999.00, -9999.00, -9999.00, -9999.00, -9999.00, -9999.00, -9999.00, -9999.00
   195, 41533,2019, 1,25, 3,     3.00, -9999.00,     0.30,    82.41,  1021.60, -9999.00,     2.10,    90.00, -9999.00,     0.00, -9999.00,     3.00,    25.00, -9999.00,  4000.00
   196, 41533,2019, 1,25, 6,    14.00, -9999.00,     3.00,    47.42,  1021.10, -9999.00,     0.00,     0.00,     0.00,     0.00,     6.00,     3.00,    50.00, -9999.00,  4000.00
   197, 41533,2019, 1,25, 9,    15.00, -9999.00,    -2.40,    29.36,  1019.80, -9999.00,     2.10,   310.00, -9999.00,     0.00, -9999.00,     3.00,    50.00, -9999.00,  4000.00
   198, 41533,2019, 1,25,12,    14.00, -9999.00,     2.80,    46.75,  1020.40, -9999.00,     3.10,    50.00,     0.00,     0.00,    12.00,     3.00,    25.00, -9999.00, 10000.00
   199, 41533,2019, 1,25,15,    10.00, -9999.00,     3.10,    62.17,  1023.80, -9999.00,     2.10,    50.00, -9999.00,     0.00, -9999.00,     3.00,    25.00, -9999.00, -9999.00
   200, 41533,2019, 1,25,21, -9999.00, -9999.00, -9999.00, -9999.00, -9999.00, -9999.00, -9999.00, -9999.00, -9999.00, -9999.00, -9999.00, -9999.00, -9999.00, -9999.00, -9999.00
   201, 41533,2019, 1,26, 0, -9999.00, -9999.00, -9999.00, -9999.00, -9999.00, -9999.00, -9999.00, -9999.00, -9999.00, -9999.00, -9999.00, -9999.00, -9999.00, -9999.00, -9999.00
   202, 41533,2019, 1,26, 0,     1.00, -9999.00,    -1.90,    79.45,  1026.50, -9999.00,     0.00,     0.00,     0.00,     0.00,    12.00,     3.00,     0.00, -9999.00, -9999.00
   203, 41533,2019, 1,26, 3,     2.00, -9999.00,    -0.80,    81.04,  1027.80, -9999.00,     2.10,   230.00, -9999.00,     0.00, -9999.00,     3.00,     0.00, -9999.00,  2000.00
   204, 41533,2019, 1,26, 6,    11.00, -9999.00,     3.00,    57.74,  1028.10, -9999.00,     2.10,   230.00,     0.00,     0.00,     6.00,     3.00,     0.00, -9999.00,  4000.00
   205, 41533,2019, 1,26, 9,    17.00, -9999.00,     4.30,    42.87,  1025.00, -9999.00,     3.10,   270.00, -9999.00,     0.00, -9999.00,     3.00,    25.00, -9999.00,  4000.00
   206, 41533,2019, 1,26,12,    16.00, -9999.00,     2.80,    41.10,  1024.00, -9999.00,     2.10,   230.00,     0.00,     0.00,    12.00,     3.00,    25.00, -9999.00, 10000.00
   207, 41533,2019, 1,26,18, -9999.00, -9999.00, -9999.00, -9999.00, -9999.00, -9999.00, -9999.00, -9999.00, -9999.00, -9999.00, -9999.00, -9999.00, -9999.00, -9999.00, -9999.00
   208, 41533,2019, 1,26,18,     6.00, -9999.00,     0.90,    69.75,  1026.80, -9999.00,     3.10,   230.00,     0.00,     0.00,    18.00,     3.00,    13.00, -9999.00, -9999.00
   209, 41533,2019, 1,26,21,     4.00, -9999.00,     0.00,    75.13,  1026.40, -9999.00,     3.10,   230.00, -9999.00,     0.00, -9999.00,     3.00,    25.00, -9999.00, -9999.00
   210, 41533,2019, 1,27, 0,     2.00, -9999.00,    -0.80,    81.04,  1026.00, -9999.00,     2.10,   230.00,     0.00,     0.00,    12.00,     3.00,    25.00, -9999.00, -9999.00
   211, 41533,2019, 1,27, 3,     3.00, -9999.00,    -2.80,    63.87,  1027.30, -9999.00,     0.00,     0.00, -9999.00,     0.00, -9999.00,     3.00,     0.00, -9999.00,  4000.00
   212, 41533,2019, 1,27, 6,    15.00, -9999.00,    -0.50,    34.39,  1026.80, -9999.00,     3.10,   230.00,     0.00,     0.00,     6.00,     3.00,     0.00, -9999.00,  4000.00
   213, 41533,2019, 1,27, 9,    19.00, -9999.00,    -2.50,    22.59,  1023.10, -9999.00,     6.20,   270.00, -9999.00,     0.00, -9999.00,     3.00,    13.00, -9999.00, 10000.00
   214, 41533,2019, 1,27,12,    17.00, -9999.00,    -2.50,    25.62,  1022.10, -9999.00,     3.10,   270.00,     0.00,     0.00,    12.00,     3.00,    13.00, -9999.00, 10000.00
   215, 41533,2019, 1,27,15, -9999.00, -9999.00,    -5.30,     0.00,  1024.30, -9999.00,    46.30,     0.00, -9999.00,     0.00, -9999.00,     3.00,    13.00, -9999.00,  1100.00
   216, 41533,2019, 1,27,18,     6.00, -9999.00,     0.60,    68.26,  1025.10, -9999.00,     5.10,   230.00,     0.00,     0.00,    18.00,     3.00,    25.00, -9999.00, -9999.00
   217, 41533,2019, 1,27,21,     4.00, -9999.00,    -1.50,    66.35,  1025.60, -9999.00,     2.10,   270.00, -9999.00,     0.00, -9999.00,     3.00,     0.00, -9999.00, -9999.00
   218, 41533,2019, 1,28, 3, -9999.00, -9999.00, -9999.00, -9999.00, -9999.00, -9999.00, -9999.00, -9999.00, -9999.00, -9999.00, -9999.00, -9999.00, -9999.00, -9999.00, -9999.00
   219, 41533,2019, 1,28, 3,     0.00, -9999.00,    -4.80,    66.87,  1027.50, -9999.00,     0.00,     0.00, -9999.00,     0.00, -9999.00,     3.00,     0.00, -9999.00,  4000.00
   220, 41533,2019, 1,28, 6,    15.00, -9999.00,    -7.00,    19.83,  1027.00, -9999.00,     3.10,   270.00,     0.00,     0.00,     6.00,     3.00,    13.00, -9999.00, 10000.00
   221, 41533,2019, 1,28,12, -9999.00, -9999.00, -9999.00, -9999.00, -9999.00, -9999.00, -9999.00, -9999.00, -9999.00, -9999.00, -9999.00, -9999.00, -9999.00, -9999.00, -9999.00
   222, 41533,2019, 1,28,12,    16.00, -9999.00,    -4.70,    22.67,  1022.50, -9999.00,     0.00,     0.00,     0.00,     0.00,    12.00,     3.00,    50.00, -9999.00, 10000.00
   223, 41533,2019, 1,28,18, -9999.00, -9999.00, -9999.00, -9999.00, -9999.00, -9999.00, -9999.00, -9999.00, -9999.00, -9999.00, -9999.00, -9999.00, -9999.00, -9999.00, -9999.00
   224, 41533,2019, 1,28,18,     7.00, -9999.00,    -2.60,    49.14,  1025.50, -9999.00,     2.10,   230.00,     0.00,     0.00,    18.00,     3.00,    25.00, -9999.00, -9999.00
   225, 41533,2019, 1,29, 0, -9999.00, -9999.00, -9999.00, -9999.00, -9999.00, -9999.00, -9999.00, -9999.00, -9999.00, -9999.00, -9999.00, -9999.00, -9999.00, -9999.00, -9999.00
   226, 41533,2019, 1,29, 0,     1.00, -9999.00,    -2.40,    76.20,  1024.00, -9999.00,     2.10,   230.00,     0.00,     0.00,    12.00,     3.00,    38.00, -9999.00, -9999.00
   227, 41533,2019, 1,29, 3,     1.00, -9999.00,    -3.60,    68.87,  1025.00, -9999.00,     2.10,   270.00, -9999.00,     0.00, -9999.00,     3.00,    63.00, -9999.00,  2000.00
   228, 41533,2019, 1,29, 9, -9999.00, -9999.00, -9999.00, -9999.00, -9999.00, -9999.00, -9999.00, -9999.00, -9999.00, -9999.00, -9999.00, -9999.00, -9999.00, -9999.00, -9999.00
   229, 41533,2019, 1,29, 9,    19.00, -9999.00,    -2.50,    22.59,  1020.80, -9999.00,     2.10,   230.00, -9999.00,     0.00, -9999.00,     3.00,    63.00, -9999.00, 10000.00
   230, 41533,2019, 1,29,12,    15.00, -9999.00,    -0.50,    34.39,  1020.70, -9999.00,     3.10,    90.00,     0.00,     0.00,    12.00,     3.00,    88.00, -9999.00,  4000.00
   231, 41533,2019, 1,29,15,    12.00, -9999.00,     1.40,    48.21,  1022.30, -9999.00,     2.10,    50.00, -9999.00,     0.00, -9999.00,     3.00,    88.00, -9999.00, -9999.00
   232, 41533,2019, 1,29,21, -9999.00, -9999.00, -9999.00, -9999.00, -9999.00, -9999.00, -9999.00, -9999.00, -9999.00, -9999.00, -9999.00, -9999.00, -9999.00, -9999.00, -9999.00
   233, 41533,2019, 1,30, 0, -9999.00, -9999.00, -9999.00, -9999.00, -9999.00, -9999.00, -9999.00, -9999.00, -9999.00, -9999.00, -9999.00, -9999.00, -9999.00, -9999.00, -9999.00
   234, 41533,2019, 1,30, 3, -9999.00, -9999.00, -9999.00, -9999.00, -9999.00, -9999.00, -9999.00, -9999.00, -9999.00, -9999.00, -9999.00, -9999.00, -9999.00, -9999.00, -9999.00
   235, 41533,2019, 1,30, 3,    12.00, -9999.00,     4.50,    60.07,  1023.10, -9999.00,     4.10,   230.00, -9999.00,     0.00, -9999.00,     3.00,    88.00, -9999.00,  4000.00
   236, 41533,2019, 1,30, 9, -9999.00, -9999.00, -9999.00, -9999.00, -9999.00, -9999.00, -9999.00, -9999.00, -9999.00, -9999.00, -9999.00, -9999.00, -9999.00, -9999.00, -9999.00
   237, 41533,2019, 1,30, 9,    17.50, -9999.00,     4.40,    41.83,  1019.50, -9999.00,     3.10,   230.00, -9999.00,     0.00, -9999.00,     3.00,    88.00, -9999.00, 10000.00
   238, 41533,2019, 1,30,12,    15.00, -9999.00,     2.80,    43.82,  1020.00, -9999.00,     6.20,   130.00,     0.00,     0.00,    12.00,     3.00,    88.00, -9999.00,  4000.00
   239, 41533,2019, 1,30,18, -9999.00, -9999.00, -9999.00, -9999.00, -9999.00, -9999.00, -9999.00, -9999.00, -9999.00, -9999.00, -9999.00, -9999.00, -9999.00, -9999.00, -9999.00
   240, 41533,2019, 1,30,21, -9999.00, -9999.00, -9999.00, -9999.00, -9999.00, -9999.00, -9999.00, -9999.00, -9999.00, -9999.00, -9999.00, -9999.00, -9999.00, -9999.00, -9999.00
   241, 41533,2019, 1,31, 0, -9999.00, -9999.00, -9999.00, -9999.00, -9999.00, -9999.00, -9999.00, -9999.00, -9999.00, -9999.00, -9999.00, -9999.00, -9999.00, -9999.00, -9999.00
   242, 41533,2019, 1,31, 3, -9999.00, -9999.00, -9999.00, -9999.00, -9999.00, -9999.00, -9999.00, -9999.00, -9999.00, -9999.00, -9999.00, -9999.00, -9999.00, -9999.00, -9999.00
   243, 41533,2019, 1,31, 6, -9999.00, -9999.00, -9999.00, -9999.00, -9999.00, -9999.00, -9999.00, -9999.00, -9999.00, -9999.00, -9999.00, -9999.00, -9999.00, -9999.00, -9999.00
   244, 41533,2019, 1,31, 9, -9999.00, -9999.00, -9999.00, -9999.00, -9999.00, -9999.00, -9999.00, -9999.00, -9999.00, -9999.00, -9999.00, -9999.00, -9999.00, -9999.00, -9999.00
   245, 41533,2019, 1,31, 9,    10.00, -9999.00,     9.00,    93.49,  1021.70, -9999.00,     3.10,   310.00, -9999.00,     2.00, -9999.00,     3.00,   100.00, -9999.00,  2000.00
   246, 41533,2019, 1,31,12,    10.00, -9999.00,     9.00,    93.49,  1021.00, -9999.00,     3.10,   230.00,    13.00,     1.00,    12.00,     3.00,    88.00, -9999.00,  4000.00
   247, 41533,2019, 1,31,18, -9999.00, -9999.00, -9999.00, -9999.00, -9999.00, -9999.00, -9999.00, -9999.00, -9999.00, -9999.00, -9999.00, -9999.00, -9999.00, -9999.00, -9999.00
   248, 41533,2019, 1,31,21, -9999.00, -9999.00, -9999.00, -9999.00, -9999.00, -9999.00, -9999.00, -9999.00, -9999.00, -9999.00, -9999.00, -9999.00, -9999.00, -9999.00, -9999.00
   249, 41533,2019, 2, 1, 0, -9999.00, -9999.00, -9999.00, -9999.00, -9999.00, -9999.00, -9999.00, -9999.00, -9999.00, -9999.00, -9999.00, -9999.00, -9999.00, -9999.00, -9999.00
   250, 41533,2019, 2, 1, 3, -9999.00, -9999.00, -9999.00, -9999.00, -9999.00, -9999.00, -9999.00, -9999.00, -9999.00, -9999.00, -9999.00, -9999.00, -9999.00, -9999.00, -9999.00
   251, 41533,2019, 2, 1, 6, -9999.00, -9999.00, -9999.00, -9999.00, -9999.00, -9999.00, -9999.00, -9999.00, -9999.00, -9999.00, -9999.00, -9999.00, -9999.00, -9999.00, -9999.00
   252, 41533,2019, 2, 1, 6,    10.00, -9999.00,     6.80,    80.48,  1026.60, -9999.00,     2.10,   230.00,     0.00,     0.00,     6.00,     3.00,    88.00, -9999.00,  2000.00
   253, 41533,2019, 2, 1,12, -9999.00, -9999.00, -9999.00, -9999.00, -9999.00, -9999.00, -9999.00, -9999.00, -9999.00, -9999.00, -9999.00, -9999.00, -9999.00, -9999.00, -9999.00
   254, 41533,2019, 2, 1,12,    13.00, -9999.00,     5.60,    60.73,  1023.00, -9999.00,     3.10,   230.00,     0.00, -9999.00,    12.00,     3.00,     0.00, -9999.00,  4000.00
   255, 41533,2019, 2, 1,15,    10.00, -9999.00,     5.60,    74.08,  1023.50, -9999.00,     0.00,     0.00, -9999.00,     0.00, -9999.00,     3.00,    50.00, -9999.00, -9999.00
   256, 41533,2019, 2, 1,18,     7.00, -9999.00,     4.70,    85.27,  1023.80, -9999.00,     0.00,     0.00,     0.00,     0.00,    18.00,     3.00,    63.00, -9999.00, -9999.00
   257, 41533,2019, 2, 2, 0, -9999.00, -9999.00, -9999.00, -9999.00, -9999.00, -9999.00, -9999.00, -9999.00, -9999.00, -9999.00, -9999.00, -9999.00, -9999.00, -9999.00, -9999.00
   258, 41533,2019, 2, 2, 0,     6.00, -9999.00,     4.80,    92.00,  1022.90, -9999.00,     0.00,     0.00,     0.00,     0.00,    12.00,     3.00,    75.00, -9999.00, -9999.00
   259, 41533,2019, 2, 2, 3,     5.00, -9999.00,     2.50,    83.85,  1023.90, -9999.00,     0.00,     0.00, -9999.00,     0.00, -9999.00,     3.00,    50.00, -9999.00,   500.00
   260, 41533,2019, 2, 2, 6,    14.00, -9999.00,     5.60,    56.90,  1023.80, -9999.00,     3.10,   230.00,     0.00,     0.00,     6.00,     3.00,    38.00, -9999.00,  4000.00
   261, 41533,2019, 2, 2,12, -9999.00, -9999.00, -9999.00, -9999.00, -9999.00, -9999.00, -9999.00, -9999.00, -9999.00, -9999.00, -9999.00, -9999.00, -9999.00, -9999.00, -9999.00
   262, 41533,2019, 2, 2,15, -9999.00, -9999.00, -9999.00, -9999.00, -9999.00, -9999.00, -9999.00, -9999.00, -9999.00, -9999.00, -9999.00, -9999.00, -9999.00, -9999.00, -9999.00
   263, 41533,2019, 2, 2,18, -9999.00, -9999.00, -9999.00, -9999.00, -9999.00, -9999.00, -9999.00, -9999.00, -9999.00, -9999.00, -9999.00, -9999.00, -9999.00, -9999.00, -9999.00
   264, 41533,2019, 2, 2,21, -9999.00, -9999.00, -9999.00, -9999.00, -9999.00, -9999.00, -9999.00, -9999.00, -9999.00, -9999.00, -9999.00, -9999.00, -9999.00, -9999.00, -9999.00
   265, 41533,2019, 2, 2,21,     8.00, -9999.00,     3.30,    72.17,  1021.90, -9999.00,     2.10,   230.00, -9999.00,     0.00, -9999.00,     3.00,    25.00, -9999.00, -9999.00
   266, 41533,2019, 2, 3, 0,     5.00, -9999.00,     2.50,    83.85,  1021.10, -9999.00,     0.00,     0.00,     0.00,     0.00,    12.00,     3.00,    25.00, -9999.00, -9999.00
   267, 41533,2019, 2, 3, 3,     7.00, -9999.00,     4.50,    84.09,  1024.00, -9999.00,     0.00,     0.00, -9999.00,     0.00, -9999.00,     3.00,    13.00, -9999.00,  1000.00
   268, 41533,2019, 2, 3, 9, -9999.00, -9999.00, -9999.00, -9999.00, -9999.00, -9999.00, -9999.00, -9999.00, -9999.00, -9999.00, -9999.00, -9999.00, -9999.00, -9999.00, -9999.00
   269, 41533,2019, 2, 3, 9,    21.50, -9999.00,     4.90,    33.78,  1020.60, -9999.00,     6.20,   270.00, -9999.00,     0.00, -9999.00,     3.00,    50.00, -9999.00, 10000.00
   270, 41533,2019, 2, 3,12,    19.00, -9999.00,     4.50,    38.33,  1019.80, -9999.00,     3.10,   230.00,     0.00,     0.00,    12.00,     3.00,    38.00, -9999.00, 10000.00
   271, 41533,2019, 2, 3,18, -9999.00, -9999.00, -9999.00, -9999.00, -9999.00, -9999.00, -9999.00, -9999.00, -9999.00, -9999.00, -9999.00, -9999.00, -9999.00, -9999.00, -9999.00
   272, 41533,2019, 2, 3,18,     9.00, -9999.00,     3.20,    66.97,  1023.40, -9999.00,     2.10,   310.00,     0.00,     0.00,    18.00,     3.00,    25.00, -9999.00, -9999.00
   273, 41533,2019, 2, 4, 0, -9999.00, -9999.00, -9999.00, -9999.00, -9999.00, -9999.00, -9999.00, -9999.00, -9999.00, -9999.00, -9999.00, -9999.00, -9999.00, -9999.00, -9999.00
   274, 41533,2019, 2, 4, 3, -9999.00, -9999.00, -9999.00, -9999.00, -9999.00, -9999.00, -9999.00, -9999.00, -9999.00, -9999.00, -9999.00, -9999.00, -9999.00, -9999.00, -9999.00
   275, 41533,2019, 2, 4, 3,     9.00, -9999.00,     5.80,    80.34,  1024.00, -9999.00,     2.10,   310.00, -9999.00,     0.00, -9999.00,     3.00,    88.00, -9999.00,  1000.00
   276, 41533,2019, 2, 4, 6,    12.00, -9999.00,     6.80,    70.46,  1025.00, -9999.00,     2.10,   180.00,     0.00,     0.00,     6.00,     3.00,    88.00, -9999.00,  2000.00
   277, 41533,2019, 2, 4,12, -9999.00, -9999.00, -9999.00, -9999.00, -9999.00, -9999.00, -9999.00, -9999.00, -9999.00, -9999.00, -9999.00, -9999.00, -9999.00, -9999.00, -9999.00
   278, 41533,2019, 2, 4,12,    18.00, -9999.00,     5.80,    44.68,  1019.00, -9999.00,     3.10,   230.00,     0.00,     0.00,    12.00,     3.00,    88.00, -9999.00,  4000.00
   279, 41533,2019, 2, 4,18, -9999.00, -9999.00, -9999.00, -9999.00, -9999.00, -9999.00, -9999.00, -9999.00, -9999.00, -9999.00, -9999.00, -9999.00, -9999.00, -9999.00, -9999.00
   280, 41533,2019, 2, 4,18,    11.00, -9999.00,     6.90,    75.80,  1020.50, -9999.00,     0.00,     0.00, -9999.00,     0.00, -9999.00,     3.00,    88.00, -9999.00, -9999.00
   281, 41533,2019, 2, 5, 0, -9999.00, -9999.00, -9999.00, -9999.00, -9999.00, -9999.00, -9999.00, -9999.00, -9999.00, -9999.00, -9999.00, -9999.00, -9999.00, -9999.00, -9999.00
   282, 41533,2019, 2, 5, 0,     8.00, -9999.00,     6.90,    92.75,  1019.80, -9999.00,     2.10,   230.00,     0.00,     0.00,    12.00,     3.00,    88.00, -9999.00, -9999.00
   283, 41533,2019, 2, 5, 3,     9.00, -9999.00,     6.90,    86.67,  1021.00, -9999.00,     0.00,     0.00, -9999.00,     0.00, -9999.00,     3.00,    88.00, -9999.00,  1000.00
   284, 41533,2019, 2, 5, 6,    13.00, -9999.00,     9.10,    77.17,  1020.50, -9999.00,     3.10,   130.00,     0.00,     0.00,     6.00,     3.00,    88.00, -9999.00,  2000.00
   285, 41533,2019, 2, 5,12, -9999.00, -9999.00, -9999.00, -9999.00, -9999.00, -9999.00, -9999.00, -9999.00, -9999.00, -9999.00, -9999.00, -9999.00, -9999.00, -9999.00, -9999.00
   286, 41533,2019, 2, 5,12,    17.00, -9999.00,     5.70,    47.27,  1014.90, -9999.00,     5.10,    50.00,     0.00,     0.00,    12.00,     3.00,    88.00, -9999.00,  4000.00
   287, 41533,2019, 2, 5,18, -9999.00, -9999.00, -9999.00, -9999.00, -9999.00, -9999.00, -9999.00, -9999.00, -9999.00, -9999.00, -9999.00, -9999.00, -9999.00, -9999.00, -9999.00
   288, 41533,2019, 2, 5,21, -9999.00, -9999.00, -9999.00, -9999.00, -9999.00, -9999.00, -9999.00, -9999.00, -9999.00, -9999.00, -9999.00, -9999.00, -9999.00, -9999.00, -9999.00
   289, 41533,2019, 2, 6, 0, -9999.00, -9999.00, -9999.00, -9999.00, -9999.00, -9999.00, -9999.00, -9999.00, -9999.00, -9999.00, -9999.00, -9999.00, -9999.00, -9999.00, -9999.00
   290, 41533,2019, 2, 6, 3, -9999.00, -9999.00, -9999.00, -9999.00, -9999.00, -9999.00, -9999.00, -9999.00, -9999.00, -9999.00, -9999.00, -9999.00, -9999.00, -9999.00, -9999.00
   291, 41533,2019, 2, 6, 3,    10.00, -9999.00,     7.90,    86.77,  1016.00, -9999.00,     2.10,   310.00, -9999.00,     4.00, -9999.00,     3.00,    88.00, -9999.00,  2000.00
   292, 41533,2019, 2, 6, 9, -9999.00, -9999.00, -9999.00, -9999.00, -9999.00, -9999.00, -9999.00, -9999.00, -9999.00, -9999.00, -9999.00, -9999.00, -9999.00, -9999.00, -9999.00
   293, 41533,2019, 2, 6, 9,    14.00, -9999.00,     6.80,    61.82,  1015.80, -9999.00,     3.10,   310.00, -9999.00,     0.00, -9999.00,     3.00,    63.00, -9999.00, 10000.00
   294, 41533,2019, 2, 6,12,    14.00, -9999.00,     5.60,    56.90,  1013.20, -9999.00,     4.10,   270.00,     7.00,     0.00,    12.00,     3.00,    50.00, -9999.00, 10000.00
   295, 41533,2019, 2, 6,15,    10.00, -9999.00,     5.60,    74.08,  1014.30, -9999.00,     3.10,   230.00, -9999.00,     0.00, -9999.00,     3.00,    88.00, -9999.00, -9999.00
   296, 41533,2019, 2, 6,21, -9999.00, -9999.00, -9999.00, -9999.00, -9999.00, -9999.00, -9999.00, -9999.00, -9999.00, -9999.00, -9999.00, -9999.00, -9999.00, -9999.00, -9999.00
   297, 41533,2019, 2, 6,21,     7.00, -9999.00,     4.70,    85.27,  1013.10, -9999.00,     2.10,   180.00, -9999.00,     0.00, -9999.00,     3.00,    50.00, -9999.00, -9999.00
   298, 41533,2019, 2, 7, 3, -9999.00, -9999.00, -9999.00, -9999.00, -9999.00, -9999.00, -9999.00, -9999.00, -9999.00, -9999.00, -9999.00, -9999.00, -9999.00, -9999.00, -9999.00
   299, 41533,2019, 2, 7, 3,     6.00, -9999.00,     3.60,    84.56,  1013.80, -9999.00,     2.10,   230.00, -9999.00,     0.00, -9999.00,     3.00,    88.00, -9999.00,  2000.00
   300, 41533,2019, 2, 7, 6,    13.00, -9999.00,     4.30,    55.47,  1013.10, -9999.00,     5.10,   270.00, -9999.00, -9999.00,     6.00,     3.00,    50.00, -9999.00,  4000.00
   301, 41533,2019, 2, 7, 9,    18.00, -9999.00,     1.30,    32.52,  1008.70, -9999.00,     8.20,   270.00, -9999.00,     0.00, -9999.00,     3.00,    38.00, -9999.00, 10000.00
   302, 41533,2019, 2, 7,12,    16.00, -9999.00,    -0.50,    32.25,  1006.30, -9999.00,     4.10,   270.00, -9999.00,     0.00,    12.00,     3.00,    88.00, -9999.00, 10000.00
   303, 41533,2019, 2, 7,18, -9999.00, -9999.00, -9999.00, -9999.00, -9999.00, -9999.00, -9999.00, -9999.00, -9999.00, -9999.00, -9999.00, -9999.00, -9999.00, -9999.00, -9999.00
   304, 41533,2019, 2, 7,21, -9999.00, -9999.00, -9999.00, -9999.00, -9999.00, -9999.00, -9999.00, -9999.00, -9999.00, -9999.00, -9999.00, -9999.00, -9999.00, -9999.00, -9999.00
   305, 41533,2019, 2, 7,21,    11.00, -9999.00,     4.30,    63.29,  1012.90, -9999.00,    10.30,    50.00, -9999.00, -9999.00, -9999.00,     3.00,    88.00, -9999.00, -9999.00
   306, 41533,2019, 2, 8, 3, -9999.00, -9999.00, -9999.00, -9999.00, -9999.00, -9999.00, -9999.00, -9999.00, -9999.00, -9999.00, -9999.00, -9999.00, -9999.00, -9999.00, -9999.00
   307, 41533,2019, 2, 8, 3,     8.00, -9999.00,     6.90,    92.75,  1022.30, -9999.00,     3.10,   130.00, -9999.00,     3.00, -9999.00,     3.00,    88.00, -9999.00,  2000.00
   308, 41533,2019, 2, 8, 6,    11.00, -9999.00,     7.90,    81.17,  1025.50, -9999.00,     5.10,   270.00,     3.00, -9999.00,     6.00,     3.00,    88.00, -9999.00, 10000.00
   309, 41533,2019, 2, 8,12, -9999.00, -9999.00, -9999.00, -9999.00, -9999.00, -9999.00, -9999.00, -9999.00, -9999.00, -9999.00, -9999.00, -9999.00, -9999.00, -9999.00, -9999.00
   310, 41533,2019, 2, 8,12,    16.00, -9999.00,     5.60,    50.03,  1021.80, -9999.00,     8.20,   230.00,     3.00,     0.00,    12.00,     3.00,    25.00, -9999.00, 10000.00
   311, 41533,2019, 2, 8,15,     9.00, -9999.00,     5.30,    77.60,  1022.70, -9999.00,     5.10,   230.00, -9999.00,     0.00, -9999.00,     3.00,    25.00, -9999.00, -9999.00
   312, 41533,2019, 2, 8,21, -9999.00, -9999.00, -9999.00, -9999.00, -9999.00, -9999.00, -9999.00, -9999.00, -9999.00, -9999.00, -9999.00, -9999.00, -9999.00, -9999.00, -9999.00
   313, 41533,2019, 2, 8,21,     7.00, -9999.00,     3.50,    78.38,  1022.10, -9999.00,     2.10,   230.00, -9999.00,     0.00, -9999.00,     3.00,    13.00, -9999.00, -9999.00
   314, 41533,2019, 2, 9, 3, -9999.00, -9999.00, -9999.00, -9999.00, -9999.00, -9999.00, -9999.00, -9999.00, -9999.00, -9999.00, -9999.00, -9999.00, -9999.00, -9999.00, -9999.00
   315, 41533,2019, 2, 9, 3,     4.50, -9999.00,     1.80,    82.60,  1022.90, -9999.00,     3.10,   230.00, -9999.00,     0.00, -9999.00,     3.00,    25.00, -9999.00,  4000.00
   316, 41533,2019, 2, 9, 6,    15.00, -9999.00,     4.20,    48.37,  1022.30, -9999.00,     3.10,   310.00,     0.00,     0.00,     6.00,     3.00,    50.00, -9999.00,  4000.00
   317, 41533,2019, 2, 9,12, -9999.00, -9999.00, -9999.00, -9999.00, -9999.00, -9999.00, -9999.00, -9999.00, -9999.00, -9999.00, -9999.00, -9999.00, -9999.00, -9999.00, -9999.00
   318, 41533,2019, 2, 9,12,    18.00, -9999.00,     2.90,    36.46,  1019.40, -9999.00,     2.10,   230.00,     0.00,     0.00,    12.00,     3.00,    88.00, -9999.00, 10000.00
   319, 41533,2019, 2, 9,15,    12.00, -9999.00,     4.50,    60.07,  1021.10, -9999.00,     2.10,   180.00, -9999.00,     0.00, -9999.00,     3.00,    50.00, -9999.00, -9999.00
   320, 41533,2019, 2, 9,21, -9999.00, -9999.00, -9999.00, -9999.00, -9999.00, -9999.00, -9999.00, -9999.00, -9999.00, -9999.00, -9999.00, -9999.00, -9999.00, -9999.00, -9999.00
   321, 41533,2019, 2,10, 0, -9999.00, -9999.00, -9999.00, -9999.00, -9999.00, -9999.00, -9999.00, -9999.00, -9999.00, -9999.00, -9999.00, -9999.00, -9999.00, -9999.00, -9999.00
   322, 41533,2019, 2,10, 3, -9999.00, -9999.00, -9999.00, -9999.00, -9999.00, -9999.00, -9999.00, -9999.00, -9999.00, -9999.00, -9999.00, -9999.00, -9999.00, -9999.00, -9999.00
   323, 41533,2019, 2,10, 3,     5.50, -9999.00,     3.60,    87.55,  1023.00, -9999.00,     2.10,   230.00, -9999.00,     0.00, -9999.00,     3.00,    50.00, -9999.00,  2000.00
   324, 41533,2019, 2,10, 6,    15.00, -9999.00,     4.20,    48.37,  1023.00, -9999.00,     2.10,   270.00,     0.00,     0.00,     6.00,     3.00,    38.00, -9999.00,  4000.00
   325, 41533,2019, 2,10, 9,    20.00, -9999.00,     3.10,    32.64,  1019.20, -9999.00,     2.10,   310.00, -9999.00,     0.00, -9999.00,     3.00,    75.00, -9999.00,  4000.00
   326, 41533,2019, 2,10,12,    19.00, -9999.00,     3.00,    34.49,  1018.30, -9999.00,     2.10,   310.00,     0.00,     0.00,    12.00,     3.00,    63.00, -9999.00,  4000.00
   327, 41533,2019, 2,10,15,    14.00, -9999.00,     5.60,    56.90,  1020.40, -9999.00,     3.10,   130.00, -9999.00,     0.00, -9999.00,     3.00,    75.00, -9999.00, -9999.00
   328, 41533,2019, 2,10,18,     9.00, -9999.00,     5.30,    77.60,  1023.10, -9999.00,     0.00,     0.00,     0.00,     0.00,    18.00,     3.00,    63.00, -9999.00, -9999.00
   329, 41533,2019, 2,10,21,     8.00, -9999.00,     4.60,    79.08,  1022.30, -9999.00,     0.00,     0.00, -9999.00, -9999.00, -9999.00, -9999.00,    75.00, -9999.00, -9999.00
   330, 41533,2019, 2,11, 0,     6.00, -9999.00,     4.80,    92.00,  1022.00, -9999.00,     0.00,     0.00,     0.00,     0.00,    12.00,     3.00,    88.00, -9999.00, -9999.00
   331, 41533,2019, 2,11, 3,     8.00, -9999.00,     5.80,    85.98,  1024.50, -9999.00,     2.10,   230.00, -9999.00,     0.00, -9999.00,     3.00,    88.00, -9999.00,  1000.00
   332, 41533,2019, 2,11, 9, -9999.00, -9999.00, -9999.00, -9999.00, -9999.00, -9999.00, -9999.00, -9999.00, -9999.00, -9999.00, -9999.00, -9999.00, -9999.00, -9999.00, -9999.00
   333, 41533,2019, 2,11, 9,    20.00, -9999.00,     4.60,    36.28,  1020.60, -9999.00,     2.10,   230.00, -9999.00,     0.00, -9999.00,     3.00,    88.00, -9999.00,  4000.00
   334, 41533,2019, 2,11,15, -9999.00, -9999.00, -9999.00, -9999.00, -9999.00, -9999.00, -9999.00, -9999.00, -9999.00, -9999.00, -9999.00, -9999.00, -9999.00, -9999.00, -9999.00
   335, 41533,2019, 2,11,18, -9999.00, -9999.00, -9999.00, -9999.00, -9999.00, -9999.00, -9999.00, -9999.00, -9999.00, -9999.00, -9999.00, -9999.00, -9999.00, -9999.00, -9999.00
   336, 41533,2019, 2,11,18,    12.00, -9999.00,     6.80,    70.46,  1022.70, -9999.00,     2.10,    50.00,     0.00,     0.00,    18.00,     3.00,    88.00, -9999.00, -9999.00
   337, 41533,2019, 2,12, 0, -9999.00, -9999.00, -9999.00, -9999.00, -9999.00, -9999.00, -9999.00, -9999.00, -9999.00, -9999.00, -9999.00, -9999.00, -9999.00, -9999.00, -9999.00
   338, 41533,2019, 2,12, 3, -9999.00, -9999.00, -9999.00, -9999.00, -9999.00, -9999.00, -9999.00, -9999.00, -9999.00, -9999.00, -9999.00, -9999.00, -9999.00, -9999.00, -9999.00
   339, 41533,2019, 2,12, 3,     8.00, -9999.00,     5.80,    85.98,  1024.00, -9999.00,     2.10,   310.00, -9999.00,     0.00, -9999.00,     3.00,    88.00, -9999.00,  2000.00
   340, 41533,2019, 2,12, 9, -9999.00, -9999.00, -9999.00, -9999.00, -9999.00, -9999.00, -9999.00, -9999.00, -9999.00, -9999.00, -9999.00, -9999.00, -9999.00, -9999.00, -9999.00
   341, 41533,2019, 2,12, 9,    21.00, -9999.00,     7.50,    41.68,  1022.70, -9999.00,     4.10,   230.00, -9999.00,     0.00, -9999.00,     3.00,    88.00, -9999.00,  4000.00
   342, 41533,2019, 2,12,12,    17.00, -9999.00,    10.50,    65.52,  1022.90, -9999.00,     2.10,   270.00,     0.00,     0.00,    12.00,     3.00,    88.00, -9999.00,  2000.00
   343, 41533,2019, 2,12,15,    14.00, -9999.00,     8.00,    67.11,  1025.40, -9999.00,     2.10,   230.00, -9999.00, -9999.00, -9999.00,     3.00,    88.00, -9999.00, -9999.00
   344, 41533,2019, 2,12,18,    13.00, -9999.00,     8.00,    71.63,  1026.40, -9999.00,     3.10,   230.00, -9999.00, -9999.00,    18.00,     3.00,    88.00, -9999.00, -9999.00
   345, 41533,2019, 2,12,21,    12.00, -9999.00,     9.00,    81.86,  1025.80, -9999.00,     4.10,   230.00, -9999.00,     1.00, -9999.00,     3.00,    88.00, -9999.00, -9999.00
   346, 41533,2019, 2,13, 0,    12.00, -9999.00,     9.00,    81.86,  1024.70, -9999.00,     5.10,   230.00,     1.00, -9999.00,    12.00,     3.00,    88.00, -9999.00, -9999.00
   347, 41533,2019, 2,13, 6, -9999.00, -9999.00, -9999.00, -9999.00, -9999.00, -9999.00, -9999.00, -9999.00, -9999.00, -9999.00, -9999.00, -9999.00, -9999.00, -9999.00, -9999.00
   348, 41533,2019, 2,13, 9, -9999.00, -9999.00, -9999.00, -9999.00, -9999.00, -9999.00, -9999.00, -9999.00, -9999.00, -9999.00, -9999.00, -9999.00, -9999.00, -9999.00, -9999.00
   349, 41533,2019, 2,13,12, -9999.00, -9999.00, -9999.00, -9999.00, -9999.00, -9999.00, -9999.00, -9999.00, -9999.00, -9999.00, -9999.00, -9999.00, -9999.00, -9999.00, -9999.00
   350, 41533,2019, 2,13,15, -9999.00, -9999.00, -9999.00, -9999.00, -9999.00, -9999.00, -9999.00, -9999.00, -9999.00, -9999.00, -9999.00, -9999.00, -9999.00, -9999.00, -9999.00
   351, 41533,2019, 2,13,18, -9999.00, -9999.00, -9999.00, -9999.00, -9999.00, -9999.00, -9999.00, -9999.00, -9999.00, -9999.00, -9999.00, -9999.00, -9999.00, -9999.00, -9999.00
   352, 41533,2019, 2,13,18, -9999.00, -9999.00,     9.10,     0.00,  1018.60, -9999.00,    15.40,    10.00, -9999.00,     0.00,    18.00,     3.00,    13.00, -9999.00, -9999.00
   353, 41533,2019, 2,13,21,    11.00, -9999.00,     7.90,    81.17,  1017.90, -9999.00,     2.10,   130.00, -9999.00, -9999.00, -9999.00,     3.00,    88.00, -9999.00, -9999.00
   354, 41533,2019, 2,14, 0,    10.50, -9999.00,    10.40,    99.33,  1018.00, -9999.00,     0.00,     0.00, -9999.00,     0.00,    12.00,     3.00,    88.00, -9999.00, -9999.00
   355, 41533,2019, 2,14, 6, -9999.00, -9999.00, -9999.00, -9999.00, -9999.00, -9999.00, -9999.00, -9999.00, -9999.00, -9999.00, -9999.00, -9999.00, -9999.00, -9999.00, -9999.00
   356, 41533,2019, 2,14, 9, -9999.00, -9999.00, -9999.00, -9999.00, -9999.00, -9999.00, -9999.00, -9999.00, -9999.00, -9999.00, -9999.00, -9999.00, -9999.00, -9999.00, -9999.00
   357, 41533,2019, 2,14,12, -9999.00, -9999.00, -9999.00, -9999.00, -9999.00, -9999.00, -9999.00, -9999.00, -9999.00, -9999.00, -9999.00, -9999.00, -9999.00, -9999.00, -9999.00
   358, 41533,2019, 2,14,12,    12.00, -9999.00,    11.00,    93.59,  1017.70, -9999.00,     3.10,   270.00,     7.00, -9999.00,    12.00,     3.00,    88.00, -9999.00,  4000.00
   359, 41533,2019, 2,14,15,     9.00, -9999.00,     8.00,    93.44,  1018.90, -9999.00,     2.10,   230.00, -9999.00,     0.00, -9999.00,     3.00,    88.00, -9999.00, -9999.00
   360, 41533,2019, 2,14,21, -9999.00, -9999.00, -9999.00, -9999.00, -9999.00, -9999.00, -9999.00, -9999.00, -9999.00, -9999.00, -9999.00, -9999.00, -9999.00, -9999.00, -9999.00
   361, 41533,2019, 2,15, 0, -9999.00, -9999.00, -9999.00, -9999.00, -9999.00, -9999.00, -9999.00, -9999.00, -9999.00, -9999.00, -9999.00, -9999.00, -9999.00, -9999.00, -9999.00
   362, 41533,2019, 2,15, 3, -9999.00, -9999.00, -9999.00, -9999.00, -9999.00, -9999.00, -9999.00, -9999.00, -9999.00, -9999.00, -9999.00, -9999.00, -9999.00, -9999.00, -9999.00
   363, 41533,2019, 2,15, 3,     8.00, -9999.00,     6.90,    92.75,  1021.50, -9999.00,     2.10,   230.00, -9999.00,     0.00, -9999.00,     3.00,    13.00, -9999.00,  1000.00
   364, 41533,2019, 2,15, 9, -9999.00, -9999.00, -9999.00, -9999.00, -9999.00, -9999.00, -9999.00, -9999.00, -9999.00, -9999.00, -9999.00, -9999.00, -9999.00, -9999.00, -9999.00
   365, 41533,2019, 2,15, 9,    20.00, -9999.00,     7.40,    44.03,  1017.60, -9999.00, -9999.00, -9999.00, -9999.00,     0.00, -9999.00,     3.00, -9999.00, -9999.00, 10000.00
   366, 41533,2019, 2,15,15, -9999.00, -9999.00, -9999.00, -9999.00, -9999.00, -9999.00, -9999.00, -9999.00, -9999.00, -9999.00, -9999.00, -9999.00, -9999.00, -9999.00, -9999.00
   367, 41533,2019, 2,15,18, -9999.00, -9999.00, -9999.00, -9999.00, -9999.00, -9999.00, -9999.00, -9999.00, -9999.00, -9999.00, -9999.00, -9999.00, -9999.00, -9999.00, -9999.00
   368, 41533,2019, 2,15,18,     9.00, -9999.00,     1.80,    60.62,  1019.70, -9999.00,     2.10,   230.00,     0.00,     0.00,    18.00,     3.00,     0.00, -9999.00, -9999.00
   369, 41533,2019, 2,15,21,     8.00, -9999.00,     1.90,    65.33,  1019.80, -9999.00,     3.10,   230.00, -9999.00,     0.00, -9999.00,     3.00,     0.00, -9999.00, -9999.00
   370, 41533,2019, 2,16, 3, -9999.00, -9999.00, -9999.00, -9999.00, -9999.00, -9999.00, -9999.00, -9999.00, -9999.00, -9999.00, -9999.00, -9999.00, -9999.00, -9999.00, -9999.00
   371, 41533,2019, 2,16, 3,     7.00, -9999.00,     2.10,    70.96,  1022.30, -9999.00,     0.00,     0.00, -9999.00,     0.00, -9999.00,     3.00,     0.00, -9999.00,  4000.00
   372, 41533,2019, 2,16, 6,    17.00, -9999.00,     2.80,    38.56,  1022.20, -9999.00,     4.10,   230.00,     0.00,     0.00,     6.00,     3.00,     0.00, -9999.00, 10000.00
   373, 41533,2019, 2,16, 9,    21.00, -9999.00,     3.20,    30.91,  1019.00, -9999.00,     6.20,   230.00, -9999.00,     0.00, -9999.00,     3.00,    13.00, -9999.00, 10000.00
   374, 41533,2019, 2,16,12,    21.00, -9999.00,     3.20,    30.91,  1017.50, -9999.00,     3.10,   230.00,     0.00,     0.00,    12.00,     3.00,    13.00, -9999.00, 10000.00
   375, 41533,2019, 2,16,18, -9999.00, -9999.00, -9999.00, -9999.00, -9999.00, -9999.00, -9999.00, -9999.00, -9999.00, -9999.00, -9999.00, -9999.00, -9999.00, -9999.00, -9999.00
   376, 41533,2019, 2,16,18,    10.00, -9999.00,     1.60,    55.87,  1018.50, -9999.00,     0.00,     0.00,     0.00,     0.00,    18.00,     3.00,    38.00, -9999.00, -9999.00
   377, 41533,2019, 2,16,21,     8.50, -9999.00,     3.20,    69.27,  1018.20, -9999.00,     0.00,     0.00, -9999.00,     0.00, -9999.00,     3.00,    75.00, -9999.00, -9999.00
   378, 41533,2019, 2,17, 3, -9999.00, -9999.00, -9999.00, -9999.00, -9999.00, -9999.00, -9999.00, -9999.00, -9999.00, -9999.00, -9999.00, -9999.00, -9999.00, -9999.00, -9999.00
   379, 41533,2019, 2,17, 6, -9999.00, -9999.00, -9999.00, -9999.00, -9999.00, -9999.00, -9999.00, -9999.00, -9999.00, -9999.00, -9999.00, -9999.00, -9999.00, -9999.00, -9999.00
   380, 41533,2019, 2,17, 6,    18.00, -9999.00,     4.40,    40.53,  1015.80, -9999.00,     6.20,   230.00,     0.00,     0.00,     6.00,     3.00,    88.00, -9999.00,  4000.00
   381, 41533,2019, 2,17, 9,    19.00, -9999.00,     4.50,    38.33,  1012.40, -9999.00,     4.10,   230.00, -9999.00,     0.00, -9999.00,     3.00,    88.00, -9999.00,  4000.00
   382, 41533,2019, 2,17,12,    16.00, -9999.00,     6.90,    54.72,  1011.10, -9999.00,     3.10,    50.00,     0.00,     0.00,    12.00,     3.00,    88.00, -9999.00,  4000.00
   383, 41533,2019, 2,17,15,    12.00, -9999.00,     6.80,    70.46,  1012.40, -9999.00,     2.10,   310.00, -9999.00,     0.00, -9999.00,     3.00,    88.00, -9999.00, -9999.00
   384, 41533,2019, 2,17,18,    12.00, -9999.00,     6.80,    70.46,  1012.40, -9999.00,     5.10,   130.00, -9999.00, -9999.00,    18.00,     3.00,    88.00, -9999.00, -9999.00
   385, 41533,2019, 2,18, 0, -9999.00, -9999.00, -9999.00, -9999.00, -9999.00, -9999.00, -9999.00, -9999.00, -9999.00, -9999.00, -9999.00, -9999.00, -9999.00, -9999.00, -9999.00
   386, 41533,2019, 2,18, 3, -9999.00, -9999.00, -9999.00, -9999.00, -9999.00, -9999.00, -9999.00, -9999.00, -9999.00, -9999.00, -9999.00, -9999.00, -9999.00, -9999.00, -9999.00
   387, 41533,2019, 2,18, 3,    10.00, -9999.00,     7.90,    86.77,  1013.00, -9999.00,     6.20,    50.00, -9999.00, -9999.00, -9999.00,     3.00,    88.00, -9999.00,  4000.00
   388, 41533,2019, 2,18, 6,    10.00, -9999.00,     7.90,    86.77,  1014.50, -9999.00,     4.10,    50.00, -9999.00, -9999.00,     6.00,     3.00,    88.00, -9999.00,  4000.00
   389, 41533,2019, 2,18,12, -9999.00, -9999.00, -9999.00, -9999.00, -9999.00, -9999.00, -9999.00, -9999.00, -9999.00, -9999.00, -9999.00, -9999.00, -9999.00, -9999.00, -9999.00
   390, 41533,2019, 2,18,12,    12.00, -9999.00,     9.00,    81.86,  1010.30, -9999.00,     3.10,    50.00, -9999.00,     0.00,    12.00,     3.00,    88.00, -9999.00,  4000.00
   391, 41533,2019, 2,18,18, -9999.00, -9999.00, -9999.00, -9999.00, -9999.00, -9999.00, -9999.00, -9999.00, -9999.00, -9999.00, -9999.00, -9999.00, -9999.00, -9999.00, -9999.00
   392, 41533,2019, 2,18,21, -9999.00, -9999.00, -9999.00, -9999.00, -9999.00, -9999.00, -9999.00, -9999.00, -9999.00, -9999.00, -9999.00, -9999.00, -9999.00, -9999.00, -9999.00
   393, 41533,2019, 2,19, 0, -9999.00, -9999.00, -9999.00, -9999.00, -9999.00, -9999.00, -9999.00, -9999.00, -9999.00, -9999.00, -9999.00, -9999.00, -9999.00, -9999.00, -9999.00
   394, 41533,2019, 2,19, 3, -9999.00, -9999.00, -9999.00, -9999.00, -9999.00, -9999.00, -9999.00, -9999.00, -9999.00, -9999.00, -9999.00, -9999.00, -9999.00, -9999.00, -9999.00
   395, 41533,2019, 2,19, 6, -9999.00, -9999.00, -9999.00, -9999.00, -9999.00, -9999.00, -9999.00, -9999.00, -9999.00, -9999.00, -9999.00, -9999.00, -9999.00, -9999.00, -9999.00
   396, 41533,2019, 2,19, 6,    13.00, -9999.00,    10.10,    82.54,  1017.50, -9999.00,     3.10,   270.00,     0.00,     0.00,     6.00,     3.00,    75.00, -9999.00,  2000.00
   397, 41533,2019, 2,19,12, -9999.00, -9999.00, -9999.00, -9999.00, -9999.00, -9999.00, -9999.00, -9999.00, -9999.00, -9999.00, -9999.00, -9999.00, -9999.00, -9999.00, -9999.00
   398, 41533,2019, 2,19,15, -9999.00, -9999.00, -9999.00, -9999.00, -9999.00, -9999.00, -9999.00, -9999.00, -9999.00, -9999.00, -9999.00, -9999.00, -9999.00, -9999.00, -9999.00
   399, 41533,2019, 2,19,18, -9999.00, -9999.00, -9999.00, -9999.00, -9999.00, -9999.00, -9999.00, -9999.00, -9999.00, -9999.00, -9999.00, -9999.00, -9999.00, -9999.00, -9999.00
   400, 41533,2019, 2,19,21, -9999.00, -9999.00, -9999.00, -9999.00, -9999.00, -9999.00, -9999.00, -9999.00, -9999.00, -9999.00, -9999.00, -9999.00, -9999.00, -9999.00, -9999.00
   401, 41533,2019, 2,20, 0, -9999.00, -9999.00, -9999.00, -9999.00, -9999.00, -9999.00, -9999.00, -9999.00, -9999.00, -9999.00, -9999.00, -9999.00, -9999.00, -9999.00, -9999.00
   402, 41533,2019, 2,20, 3, -9999.00, -9999.00, -9999.00, -9999.00, -9999.00, -9999.00, -9999.00, -9999.00, -9999.00, -9999.00, -9999.00, -9999.00, -9999.00, -9999.00, -9999.00
   403, 41533,2019, 2,20, 6, -9999.00, -9999.00, -9999.00, -9999.00, -9999.00, -9999.00, -9999.00, -9999.00, -9999.00, -9999.00, -9999.00, -9999.00, -9999.00, -9999.00, -9999.00
   404, 41533,2019, 2,20, 6,    11.00, -9999.00,     7.90,    81.17,  1023.60, -9999.00,     5.10,   230.00,     0.00,     0.00,     6.00,     3.00,    88.00, -9999.00, 10000.00
   405, 41533,2019, 2,20,12, -9999.00, -9999.00, -9999.00, -9999.00, -9999.00, -9999.00, -9999.00, -9999.00, -9999.00, -9999.00, -9999.00, -9999.00, -9999.00, -9999.00, -9999.00
   406, 41533,2019, 2,20,15, -9999.00, -9999.00, -9999.00, -9999.00, -9999.00, -9999.00, -9999.00, -9999.00, -9999.00, -9999.00, -9999.00, -9999.00, -9999.00, -9999.00, -9999.00
   407, 41533,2019, 2,20,18, -9999.00, -9999.00, -9999.00, -9999.00, -9999.00, -9999.00, -9999.00, -9999.00, -9999.00, -9999.00, -9999.00, -9999.00, -9999.00, -9999.00, -9999.00
   408, 41533,2019, 2,20,21, -9999.00, -9999.00, -9999.00, -9999.00, -9999.00, -9999.00, -9999.00, -9999.00, -9999.00, -9999.00, -9999.00, -9999.00, -9999.00, -9999.00, -9999.00
   409, 41533,2019, 2,21, 0, -9999.00, -9999.00, -9999.00, -9999.00, -9999.00, -9999.00, -9999.00, -9999.00, -9999.00, -9999.00, -9999.00, -9999.00, -9999.00, -9999.00, -9999.00
   410, 41533,2019, 2,21, 3, -9999.00, -9999.00, -9999.00, -9999.00, -9999.00, -9999.00, -9999.00, -9999.00, -9999.00, -9999.00, -9999.00, -9999.00, -9999.00, -9999.00, -9999.00
   411, 41533,2019, 2,21, 6, -9999.00, -9999.00, -9999.00, -9999.00, -9999.00, -9999.00, -9999.00, -9999.00, -9999.00, -9999.00, -9999.00, -9999.00, -9999.00, -9999.00, -9999.00
   412, 41533,2019, 2,21, 6, -9999.00, -9999.00, -9999.00,     0.00, -9999.00, -9999.00,    49.40,   140.00, -9999.00, -9999.00, -9999.00, -9999.00,     0.00, -9999.00,  3300.00
   413, 41533,2019, 2,21, 9,    14.00, -9999.00,     8.00,    67.11,  1018.00, -9999.00,     3.10,   230.00, -9999.00,     0.00, -9999.00,     3.00,    63.00, -9999.00,  4000.00
   414, 41533,2019, 2,21,12,    14.00, -9999.00,     6.80,    61.82,  1018.40, -9999.00,     5.10,   270.00,     0.00,     0.00,    12.00,     3.00,    75.00, -9999.00, 10000.00
   415, 41533,2019, 2,21,15,     9.50, -9999.00,     5.30,    75.03,  1019.90, -9999.00,     2.10,   230.00, -9999.00,     0.00, -9999.00,     3.00,    38.00, -9999.00, -9999.00
   416, 41533,2019, 2,21,18,     9.00, -9999.00,     5.30,    77.60,  1020.80, -9999.00,     3.10,   230.00,     0.00,     0.00,    18.00,     3.00,    50.00, -9999.00, -9999.00
   417, 41533,2019, 2,21,21,     7.00, -9999.00,     4.70,    85.27,  1020.70, -9999.00,     2.10,   230.00, -9999.00,     0.00, -9999.00,     3.00,    38.00, -9999.00, -9999.00
   418, 41533,2019, 2,22, 0,     4.00, -9999.00,     2.80,    91.87,  1020.70, -9999.00,     2.10,   230.00,     0.00,     0.00,    12.00,     3.00,    25.00, -9999.00, -9999.00
   419, 41533,2019, 2,22, 3,     7.00, -9999.00,     4.70,    85.27,  1022.10, -9999.00,     2.10,   310.00, -9999.00,     0.00, -9999.00,     3.00,    13.00, -9999.00,  4000.00
   420, 41533,2019, 2,22, 9, -9999.00, -9999.00, -9999.00, -9999.00, -9999.00, -9999.00, -9999.00, -9999.00, -9999.00, -9999.00, -9999.00, -9999.00, -9999.00, -9999.00, -9999.00
   421, 41533,2019, 2,22,12, -9999.00, -9999.00, -9999.00, -9999.00, -9999.00, -9999.00, -9999.00, -9999.00, -9999.00, -9999.00, -9999.00, -9999.00, -9999.00, -9999.00, -9999.00
   422, 41533,2019, 2,22,12,    19.00, -9999.00,     4.50,    38.33,  1019.00, -9999.00,     6.20,   230.00,     0.00,     0.00,    12.00,     3.00,    13.00, -9999.00, 10000.00
   423, 41533,2019, 2,22,15,    12.00, -9999.00,     2.90,    53.66,  1020.20, -9999.00,     4.10,   180.00, -9999.00,     0.00, -9999.00,     3.00,    13.00, -9999.00, -9999.00
   424, 41533,2019, 2,22,18,    10.00, -9999.00,     1.60,    55.87,  1020.70, -9999.00,     4.10,   230.00,     0.00,     0.00,    18.00,     3.00,    13.00, -9999.00, -9999.00
   425, 41533,2019, 2,22,21,     7.00, -9999.00,     2.10,    70.96,  1020.50, -9999.00,     3.10,   230.00, -9999.00,     0.00, -9999.00,     3.00,    13.00, -9999.00, -9999.00
   426, 41533,2019, 2,23, 0,     6.00, -9999.00,     2.30,    77.12,  1019.20, -9999.00,     3.10,   230.00,     0.00,     0.00,    12.00,     3.00,    50.00, -9999.00, -9999.00
   427, 41533,2019, 2,23, 3,    10.00, -9999.00,     1.60,    55.87,  1019.80, -9999.00,     5.10,   230.00, -9999.00,     0.00, -9999.00,     3.00,    63.00, -9999.00,  4000.00
   428, 41533,2019, 2,23, 9, -9999.00, -9999.00, -9999.00, -9999.00, -9999.00, -9999.00, -9999.00, -9999.00, -9999.00, -9999.00, -9999.00, -9999.00, -9999.00, -9999.00, -9999.00
   429, 41533,2019, 2,23,12, -9999.00, -9999.00, -9999.00, -9999.00, -9999.00, -9999.00, -9999.00, -9999.00, -9999.00, -9999.00, -9999.00, -9999.00, -9999.00, -9999.00, -9999.00
   430, 41533,2019, 2,23,12,    19.00, -9999.00,    -0.50,    26.68,  1013.60, -9999.00,     5.10,   230.00,     0.00,     0.00,    12.00,     3.00,    63.00, -9999.00,  4000.00
   431, 41533,2019, 2,23,15,    13.00, -9999.00,     1.30,    44.83,  1014.50, -9999.00,     3.10,   230.00, -9999.00,     0.00, -9999.00,     3.00,    38.00, -9999.00, -9999.00
   432, 41533,2019, 2,23,18,    10.00, -9999.00,     1.60,    55.87,  1014.90, -9999.00,     3.10,   230.00,     0.00,     0.00,    18.00,     3.00,    25.00, -9999.00, -9999.00
   433, 41533,2019, 2,23,21,     8.00, -9999.00,     1.90,    65.33,  1014.00, -9999.00,     2.10,   230.00, -9999.00,     0.00, -9999.00,     3.00,    50.00, -9999.00, -9999.00
   434, 41533,2019, 2,24, 0,     6.00, -9999.00,     2.30,    77.12,  1013.50, -9999.00,     0.00,     0.00,     0.00,     0.00,    12.00,     3.00,    63.00, -9999.00, -9999.00
   435, 41533,2019, 2,24, 3,     8.00, -9999.00,     4.60,    79.08,  1014.20, -9999.00,     2.10,   230.00, -9999.00,     0.00, -9999.00,     3.00,    50.00, -9999.00,  4000.00
   436, 41533,2019, 2,24, 6,    18.00, -9999.00,     2.90,    36.46,  1012.40, -9999.00,     2.10,   270.00,     0.00,     0.00,     6.00,     3.00,    38.00, -9999.00,  4000.00
   437, 41533,2019, 2,24, 9,    21.50, -9999.00,     3.40,    30.40,  1010.00, -9999.00,     3.10,   230.00, -9999.00,     0.00, -9999.00,     3.00,    63.00, -9999.00,  4000.00
   438, 41533,2019, 2,24,12,    20.00, -9999.00,     3.20,    32.87,  1008.70, -9999.00,     3.10,   180.00,     0.00,     0.00,    12.00,     3.00,    63.00, -9999.00, 10000.00
   439, 41533,2019, 2,24,18, -9999.00, -9999.00, -9999.00, -9999.00, -9999.00, -9999.00, -9999.00, -9999.00, -9999.00, -9999.00, -9999.00, -9999.00, -9999.00, -9999.00, -9999.00
   440, 41533,2019, 2,24,21, -9999.00, -9999.00, -9999.00, -9999.00, -9999.00, -9999.00, -9999.00, -9999.00, -9999.00, -9999.00, -9999.00, -9999.00, -9999.00, -9999.00, -9999.00
   441, 41533,2019, 2,25, 0, -9999.00, -9999.00, -9999.00, -9999.00, -9999.00, -9999.00, -9999.00, -9999.00, -9999.00, -9999.00, -9999.00, -9999.00, -9999.00, -9999.00, -9999.00
   442, 41533,2019, 2,25, 3, -9999.00, -9999.00, -9999.00, -9999.00, -9999.00, -9999.00, -9999.00, -9999.00, -9999.00, -9999.00, -9999.00, -9999.00, -9999.00, -9999.00, -9999.00
   443, 41533,2019, 2,25, 3,     8.00, -9999.00,     4.60,    79.08,  1015.00, -9999.00,     3.10,   230.00, -9999.00,     0.00, -9999.00,     3.00,    75.00, -9999.00,  4000.00
   444, 41533,2019, 2,25, 6,    17.00, -9999.00,     2.80,    38.56,  1014.40, -9999.00,     3.10,   230.00,     0.00,     0.00,     6.00,     3.00,    63.00, -9999.00,  4000.00
   445, 41533,2019, 2,25,12, -9999.00, -9999.00, -9999.00, -9999.00, -9999.00, -9999.00, -9999.00, -9999.00, -9999.00, -9999.00, -9999.00, -9999.00, -9999.00, -9999.00, -9999.00
   446, 41533,2019, 2,25,12,    18.00, -9999.00,     4.40,    40.53,  1010.30, -9999.00,     5.10,   230.00,     0.00,     0.00,    12.00,     3.00,    88.00, -9999.00, 10000.00
   447, 41533,2019, 2,25,15,    13.00, -9999.00,     4.30,    55.47,  1013.10, -9999.00,     9.30,    50.00, -9999.00, -9999.00, -9999.00,     3.00,    88.00, -9999.00, -9999.00
   448, 41533,2019, 2,25,18,    10.00, -9999.00,     4.40,    68.13,  1014.30, -9999.00,     4.10,    50.00, -9999.00, -9999.00,    18.00,     3.00,    88.00, -9999.00, -9999.00
   449, 41533,2019, 2,25,21,     9.00, -9999.00,     6.80,    86.08,  1013.30, -9999.00,     2.10,   310.00, -9999.00, -9999.00, -9999.00,     3.00,    88.00, -9999.00, -9999.00
   450, 41533,2019, 2,26, 3, -9999.00, -9999.00, -9999.00, -9999.00, -9999.00, -9999.00, -9999.00, -9999.00, -9999.00, -9999.00, -9999.00, -9999.00, -9999.00, -9999.00, -9999.00
   451, 41533,2019, 2,26, 3,     9.00, -9999.00,     6.90,    86.67,  1015.20, -9999.00,     2.10,   230.00, -9999.00,     1.00, -9999.00,     3.00,    88.00, -9999.00,  4000.00
   452, 41533,2019, 2,26, 6,     9.00, -9999.00,     6.90,    86.67,  1016.40, -9999.00,     3.10,   230.00,     1.00,     0.00,     6.00,     3.00,    88.00, -9999.00,  4000.00
   453, 41533,2019, 2,26,12, -9999.00, -9999.00, -9999.00, -9999.00, -9999.00, -9999.00, -9999.00, -9999.00, -9999.00, -9999.00, -9999.00, -9999.00, -9999.00, -9999.00, -9999.00
   454, 41533,2019, 2,26,12,     9.00, -9999.00,     6.90,    86.67,  1015.50, -9999.00,     4.10,    50.00, -9999.00, -9999.00,    12.00,     3.00,    88.00, -9999.00,  4000.00
   455, 41533,2019, 2,26,15,     8.00, -9999.00,     5.80,    85.98,  1017.00, -9999.00,     3.10,    50.00, -9999.00,     0.00, -9999.00,     3.00,    88.00, -9999.00, -9999.00
   456, 41533,2019, 2,26,18,     7.00, -9999.00,     4.70,    85.27,  1016.80, -9999.00,     2.10,   230.00,     1.00,     0.00,    18.00,     3.00,    88.00, -9999.00, -9999.00
   457, 41533,2019, 2,26,21,     6.00, -9999.00,     4.80,    92.00,  1015.50, -9999.00,     3.10,   230.00, -9999.00,     0.00, -9999.00,     3.00,    88.00, -9999.00, -9999.00
   458, 41533,2019, 2,27, 3, -9999.00, -9999.00, -9999.00, -9999.00, -9999.00, -9999.00, -9999.00, -9999.00, -9999.00, -9999.00, -9999.00, -9999.00, -9999.00, -9999.00, -9999.00
   459, 41533,2019, 2,27, 3,     6.00, -9999.00,     4.70,    91.36,  1015.00, -9999.00,     2.10,    50.00, -9999.00,     0.00, -9999.00,     3.00,    50.00, -9999.00,  1000.00
   460, 41533,2019, 2,27, 6,    14.00, -9999.00,     6.80,    61.82,  1014.50, -9999.00,     4.10,   230.00,     0.00,     0.00,     6.00,     3.00,    63.00, -9999.00,  4000.00
   461, 41533,2019, 2,27, 9,    18.00, -9999.00,     4.40,    40.53,  1011.60, -9999.00,     4.10,   230.00, -9999.00,     0.00, -9999.00,     3.00,    50.00, -9999.00, 10000.00
